image,corruption,iqs,focus,illumination,fov,predicted_quality,recapture_feedback
25819_left.jpeg,baseline,0.39186410071254096,0.0002525756062291336,0.7867103827639708,0.4656577460106383,good,
25819_left.jpeg,defocus_blur,0.39232674930541134,4.2694409544406405e-05,0.7866889409167112,0.4678741688829787,good,
25819_left.jpeg,low_light,0.39066118718835124,8.9512353139854e-05,0.784709488791093,0.46390824468085107,good,
25819_left.jpeg,uneven_illumination,0.39415573423000383,0.00011189805355046118,0.7945101755564395,0.46412965425531916,good,
25819_left.jpeg,fov_misalignment,0.17087543260089577,0.0002523180903811298,0.15556512361051283,0.46530684840425535,reject,Image is out of focus. Please refocus and ensure patient is still.; Uneven illumination detected. Check flash intensity and alignment.; Incomplete field of view. Ensure proper alignment with pupil.
25819_left.jpeg,jpeg_q25,0.3918579883329788,0.00027661500294427625,0.7865997869814377,0.46574966755319147,good,
35332_left.jpeg,baseline,0.40428173847228766,0.0002949243642549247,0.8188914900258281,0.4702069888701833,good,
35332_left.jpeg,defocus_blur,0.4046181491527211,1.8326666488108905e-05,0.8188916394443531,0.47199497872240925,good,
35332_left.jpeg,low_light,0.4029482050499932,8.274610634352461e-05,0.8157225351352897,0.46964887724041765,good,
35332_left.jpeg,uneven_illumination,0.3962892098288007,0.00011153559007799811,0.7965880167562303,0.46975515891235586,good,
35332_left.jpeg,fov_misalignment,0.15345419107335095,0.0002920838228948563,0.10509978213441849,0.4662097351885862,reject,Image is out of focus. Please refocus and ensure patient is still.; Uneven illumination detected. Check flash intensity and alignment.; Incomplete field of view. Ensure proper alignment with pupil.
35332_left.jpeg,jpeg_q25,0.40412718863573416,0.00013178575375176384,0.8185628675165038,0.4703098828138285,good,
25423_right.jpeg,baseline,0.4814165807538624,0.0011575829229890744,0.8470928963694555,0.7378841354214296,good,
25423_right.jpeg,defocus_blur,0.48076235263920064,4.712317882419606e-05,0.8471174167798342,0.7370096299789158,good,
25423_right.jpeg,low_light,0.4776084137229615,0.0002926042012477053,0.8456476956827192,0.7260587142140426,good,
25423_right.jpeg,uneven_illumination,0.36070616638482134,0.00041302896216151747,0.5115573718504436,0.725983498609206,usable,
25423_right.jpeg,fov_misalignment,0.2637399452650903,0.0010388370271730556,0.27685745912468823,0.6656971990423208,reject,Image is out of focus. Please refocus and ensure patient is still.; Uneven illumination detected. Check flash intensity and alignment.
25423_right.jpeg,jpeg_q25,0.48088465422708565,0.00040611278151589744,0.8463449621546579,0.7380058894413961,good,
16685_left.jpeg,baseline,0.38670133129413153,0.0019271315282721557,0.6275122072403306,0.665204824594828,good,
16685_left.jpeg,defocus_blur,0.38700329415102197,8.013290054077311e-05,0.6273680377079609,0.6695697111720774,good,
16685_left.jpeg,low_light,0.3843560952227475,0.000485343009446078,0.6227837699864087,0.6647505540949042,good,
16685_left.jpeg,uneven_illumination,0.4092844790715313,0.000599277659581993,0.6938535560883621,0.6647840935070873,good,
16685_left.jpeg,fov_misalignment,0.2536359627772413,0.001691894983623982,0.284028346562207,0.6141971339480771,reject,Image is out of focus. Please refocus and ensure patient is still.; Uneven illumination detected. Check flash intensity and alignment.
16685_left.jpeg,jpeg_q25,0.38611123997401087,0.0014137610832187994,0.6261806034337911,0.665530097355586,good,
1229_left.jpeg,baseline,0.4446607064772055,0.0015261499716010538,0.8216668041234898,0.6258674601813747,good,
1229_left.jpeg,defocus_blur,0.445092841470229,7.545141049668523e-05,0.821720615948628,0.6298417812960423,good,
1229_left.jpeg,low_light,0.443244303133546,0.00040118718813631,0.8193227963736586,0.6252833981100442,good,
1229_left.jpeg,uneven_illumination,0.3729336486625874,0.0005328923501548272,0.6182746273269853,0.6252974886323223,good,
1229_left.jpeg,fov_misalignment,0.23775839270969995,0.0014059552754856082,0.2590607125264109,0.5860990448610476,reject,Image is out of focus. Please refocus and ensure patient is still.; Uneven illumination detected. Check flash intensity and alignment.
1229_left.jpeg,jpeg_q25,0.44450155605998964,0.0010460922261305617,0.8215210170834882,0.6262030527612661,good,
17563_left.jpeg,baseline,0.42198930524880196,0.00020057800496543228,0.8497106372325988,0.49804140406162467,good,
17563_left.jpeg,defocus_blur,0.4226500404144463,1.5063528303790527e-05,0.8497276929545156,0.5009572898761777,good,
17563_left.jpeg,low_light,0.421472696414358,5.4230284256720505e-05,0.8489198738032155,0.49731619387811943,good,
17563_left.jpeg,uneven_illumination,0.3526158102460245,7.460083568424736e-05,0.6520957557992573,0.49740982152804303,usable,
17563_left.jpeg,fov_misalignment,0.17752906646121747,0.00018796102675559326,0.15496331223389234,0.4928668910746117,reject,Image is out of focus. Please refocus and ensure patient is still.; Uneven illumination detected. Check flash intensity and alignment.; Incomplete field of view. Ensure proper alignment with pupil.
17563_left.jpeg,jpeg_q25,0.4221141869590757,0.00018935936383777837,0.8498874927780514,0.4983112829648905,good,
26680_right.jpeg,baseline,0.3768530361097888,0.00038733906215535004,0.7209907547385507,0.49740534530573594,good,
26680_right.jpeg,defocus_blur,0.37736690227234726,2.232294744023283e-05,0.7210269101147366,0.49999421821285334,good,
26680_right.jpeg,low_light,0.37584844041097115,0.00010024854864021387,0.7187553036807393,0.4969759388130252,good,
26680_right.jpeg,uneven_illumination,0.28109086702196784,0.00012940937817730347,0.4479546129169591,0.49701995499904505,reject,Image is out of focus. Please refocus and ensure patient is still.; Uneven illumination detected. Check flash intensity and alignment.; Incomplete field of view. Ensure proper alignment with pupil.
26680_right.jpeg,fov_misalignment,0.16229163048555612,0.0003766670686720325,0.1117692910460749,0.4920868471678444,reject,Image is out of focus. Please refocus and ensure patient is still.; Uneven illumination detected. Check flash intensity and alignment.; Incomplete field of view. Ensure proper alignment with pupil.
26680_right.jpeg,jpeg_q25,0.37723368254788286,0.0003032460230784645,0.7220823222703742,0.49753428537608224,good,
18302_right.jpeg,baseline,0.4740434211804192,0.0005332887108344739,0.8204210879870663,0.7467308996024488,good,
18302_right.jpeg,defocus_blur,0.47392721395785437,4.383580542465425e-05,0.8204128440315324,0.7470607368985926,good,
18302_right.jpeg,low_light,0.47035693724249406,0.0001617681221487522,0.8185212388222555,0.7352391856233805,good,
18302_right.jpeg,uneven_illumination,0.41733692097059605,0.00021841024930834054,0.6668635059553766,0.7353893191459635,good,
18302_right.jpeg,fov_misalignment,0.2800575376205482,0.0004750591617173523,0.3203603499175455,0.6709655659388812,reject,Image is out of focus. Please refocus and ensure patient is still.; Uneven illumination detected. Check flash intensity and alignment.
18302_right.jpeg,jpeg_q25,0.4740659610146728,0.00023289921808403941,0.8201528983400085,0.7476771476337448,good,
32765_left.jpeg,baseline,0.4131951417074865,0.00037165165522097494,0.8429541179268651,0.4720501590839811,good,
32765_left.jpeg,defocus_blur,0.41384355555199004,3.2073846886673314e-05,0.842966062940429,0.475170415936341,good,
32765_left.jpeg,low_light,0.4123621808565089,0.00010834199679627697,0.8412898615731833,0.471469570028705,good,
32765_left.jpeg,uneven_illumination,0.3848548074300155,0.00014134384230651974,0.7625738165629873,0.4715897363841894,good,
32765_left.jpeg,fov_misalignment,0.156738046090174,0.0003633733137579234,0.11272413394448666,0.46855699953640195,reject,Image is out of focus. Please refocus and ensure patient is still.; Uneven illumination detected. Check flash intensity and alignment.; Incomplete field of view. Ensure proper alignment with pupil.
32765_left.jpeg,jpeg_q25,0.41292883163705346,0.0002762951356075805,0.84217186647204,0.4722326412703856,good,
11716_right.jpeg,baseline,0.4599965599992185,0.0008584647354759005,0.8044523936376136,0.7123793453274535,good,
11716_right.jpeg,defocus_blur,0.45968838349254015,5.154808062594583e-05,0.8044320351040584,0.7124662078954775,good,
11716_right.jpeg,low_light,0.4561486564216842,0.0002410130091025247,0.8019289662087689,0.7015084521798962,good,
11716_right.jpeg,uneven_illumination,0.4171077007482432,0.00032525951802348077,0.6881447660793695,0.704507715253018,good,
11716_right.jpeg,fov_misalignment,0.27061219520342195,0.0007807287325920976,0.30755185122383843,0.6506270231281667,reject,Image is out of focus. Please refocus and ensure patient is still.; Uneven illumination detected. Check flash intensity and alignment.
11716_right.jpeg,jpeg_q25,0.45918951588867263,0.0003186971755986602,0.8029287957795963,0.7121478339822981,good,
27062_right.jpeg,baseline,0.4894099787269111,0.0006456255346599,0.8572626741636812,0.7564391702230351,good,
27062_right.jpeg,defocus_blur,0.48930327400532164,5.4210908310653394e-05,0.8572583367152851,0.7569646871665905,good,
27062_right.jpeg,low_light,0.4847939600307799,0.00018641206717314045,0.8561364366755684,0.7402865694698471,good,
27062_right.jpeg,uneven_illumination,0.40087848486851707,0.0002484674449782999,0.6161549118525731,0.7404995149685007,good,
27062_right.jpeg,fov_misalignment,0.2727334246902591,0.0005885365781410161,0.2952475747233072,0.6766454356233805,reject,Image is out of focus. Please refocus and ensure patient is still.; Uneven illumination detected. Check flash intensity and alignment.
27062_right.jpeg,jpeg_q25,0.48931917335997666,0.0004032091174176268,0.8565281924216573,0.7574920894617182,good,
5829_left.jpeg,baseline,0.45123128681925107,0.0007773075540529095,0.7742313733594188,0.7197575324873334,good,
5829_left.jpeg,defocus_blur,0.45119091513888493,5.470107992244669e-05,0.7742617261932848,0.7207097221570651,good,
5829_left.jpeg,low_light,0.44775237661205025,0.00022363384498281591,0.7715365663335748,0.7105004994292238,good,
5829_left.jpeg,uneven_illumination,0.3316494058572219,0.0003039090916585899,0.4389890321576135,0.711526723861575,reject,Image is out of focus. Please refocus and ensure patient is still.; Uneven illumination detected. Check flash intensity and alignment.
5829_left.jpeg,fov_misalignment,0.2386416198543359,0.000703103536601356,0.21405242048613785,0.6537681250781885,reject,Image is out of focus. Please refocus and ensure patient is still.; Uneven illumination detected. Check flash intensity and alignment.
5829_left.jpeg,jpeg_q25,0.45117387180720125,0.0003382663667971292,0.7744221392784465,0.7199632660521048,good,
28773_left.jpeg,baseline,0.4224715886661701,0.0002804676499565237,0.8730620570594575,0.46715072654150935,good,
28773_left.jpeg,defocus_blur,0.4229123735452519,2.0316791207448876e-05,0.8730576032972867,0.46933634269887425,good,
28773_left.jpeg,low_light,0.4218592282072601,7.9429520089362e-05,0.8718676537841272,0.46669511029911914,good,
28773_left.jpeg,uneven_illumination,0.3739998273440278,0.00010420137236758182,0.7350327206708266,0.4667867782411659,good,
28773_left.jpeg,fov_misalignment,0.15629959423184447,0.0002788714571864405,0.11406340118942307,0.46506342093068737,reject,Image is out of focus. Please refocus and ensure patient is still.; Uneven illumination detected. Check flash intensity and alignment.; Incomplete field of view. Ensure proper alignment with pupil.
28773_left.jpeg,jpeg_q25,0.4222457160563323,0.00017084973708292894,0.8724757955512615,0.4672433908742305,good,
1265_right.jpeg,baseline,0.4391343839137375,0.002162583233060299,0.7769065416967601,0.6654082441065895,good,
1265_right.jpeg,defocus_blur,0.4394707271753545,8.745700812954966e-05,0.7769140722289137,0.6700632763679317,good,
1265_right.jpeg,low_light,0.43739209385726296,0.0005344117694155337,0.7742331747700401,0.6647868719199309,good,
1265_right.jpeg,uneven_illumination,0.3200635842919338,0.0008082939216515696,0.4386835208013713,0.6648041377711731,reject,Image is out of focus. Please refocus and ensure patient is still.; Uneven illumination detected. Check flash intensity and alignment.
1265_right.jpeg,fov_misalignment,0.24503882478746236,0.0017238790692614993,0.25937623404765714,0.6142703649723111,reject,Image is out of focus. Please refocus and ensure patient is still.; Uneven illumination detected. Check flash intensity and alignment.
1265_right.jpeg,jpeg_q25,0.43921048019041725,0.0017615034998253957,0.7773386583212718,0.6657493935121679,good,
40135_left.jpeg,baseline,0.40414751989650755,0.0003227445046090725,0.798970393776348,0.49751513709176853,good,
40135_left.jpeg,defocus_blur,0.4046753303316263,1.847135242062785e-05,0.7989925118412423,0.5000822505848931,good,
40135_left.jpeg,low_light,0.4033379331456674,8.541405328393749e-05,0.7972480317054186,0.4970678257098294,good,
40135_left.jpeg,uneven_illumination,0.3704661641666115,0.00012043658333811364,0.7032474563509411,0.4971255192417876,good,
40135_left.jpeg,fov_misalignment,0.1701906757438536,0.0003149726726955025,0.13420156319741477,0.4923765582227209,reject,Image is out of focus. Please refocus and ensure patient is still.; Uneven illumination detected. Check flash intensity and alignment.; Incomplete field of view. Ensure proper alignment with pupil.
40135_left.jpeg,jpeg_q25,0.40346417616608643,0.00019860422154170182,0.7970471972510995,0.4976728617583397,good,
14969_left.jpeg,baseline,0.3820192543018409,0.0005359058460185621,0.7508287559039363,0.47605930958822334,good,
14969_left.jpeg,defocus_blur,0.38240878589769767,2.596922632224953e-05,0.7508263958118976,0.47843663869201847,good,
14969_left.jpeg,low_light,0.38090090375859037,0.00014305359589145066,0.7486231699739677,0.4753022913173805,good,
14969_left.jpeg,uneven_illumination,0.3643180129602334,0.0001948108107666382,0.7010836134103682,0.4754432957691917,usable,
14969_left.jpeg,fov_misalignment,0.15369838902415864,0.0005310521465727421,0.10116425915432725,0.47231390984606003,reject,Image is out of focus. Please refocus and ensure patient is still.; Uneven illumination detected. Check flash intensity and alignment.; Incomplete field of view. Ensure proper alignment with pupil.
14969_left.jpeg,jpeg_q25,0.3814734688165023,0.00019867764483080995,0.7495380365953118,0.47622273980084334,good,
19777_right.jpeg,baseline,0.37014179223464805,0.0010249702099293602,0.5963926175648692,0.6439775520118884,good,
19777_right.jpeg,defocus_blur,0.3703834716894251,7.080227514124759e-05,0.5964056301272036,0.6464527209393893,good,
19777_right.jpeg,low_light,0.36610677137656567,0.0002990568453927213,0.5888169064166752,0.639604925570289,usable,
19777_right.jpeg,uneven_illumination,0.3003047859621659,0.000420408339909742,0.42131799663437414,0.6107012952166845,reject,Image is out of focus. Please refocus and ensure patient is still.; Uneven illumination detected. Check flash intensity and alignment.
19777_right.jpeg,fov_misalignment,0.20488002027707314,0.000916398231976605,0.1563074075966399,0.5992234733018341,reject,Image is out of focus. Please refocus and ensure patient is still.; Uneven illumination detected. Check flash intensity and alignment.
19777_right.jpeg,jpeg_q25,0.3683220133138034,0.0008657291544913254,0.5911980443005859,0.6442256245872072,usable,
34262_right.jpeg,baseline,0.40629955315890215,0.0002888083630460684,0.8053107819976116,0.49730102445807867,good,
34262_right.jpeg,defocus_blur,0.40689305995331293,1.953783769085908e-05,0.8053424952756987,0.5000614858869684,good,
34262_right.jpeg,low_light,0.4055345427782721,7.796006417104781e-05,0.8036863593997188,0.4968525318508085,good,
34262_right.jpeg,uneven_illumination,0.2993054353882051,0.00010107836936573903,0.500118583632094,0.4968939990769035,reject,Image is out of focus. Please refocus and ensure patient is still.; Uneven illumination detected. Check flash intensity and alignment.; Incomplete field of view. Ensure proper alignment with pupil.
34262_right.jpeg,fov_misalignment,0.1658053970453775,0.0002772719602732107,0.12188336238731874,0.4921412457028266,reject,Image is out of focus. Please refocus and ensure patient is still.; Uneven illumination detected. Check flash intensity and alignment.; Incomplete field of view. Ensure proper alignment with pupil.
34262_right.jpeg,jpeg_q25,0.4061673339183301,0.00020813469694011628,0.8048709414098713,0.4975170021843965,good,
17043_right.jpeg,baseline,0.45405046953756256,0.0003324922490802584,0.781145468832043,0.7220662341868618,good,
17043_right.jpeg,defocus_blur,0.45414363355021925,4.647945561496806e-05,0.7811478981264134,0.7228931096949144,good,
17043_right.jpeg,low_light,0.45230978519851206,0.00011651153533500951,0.7794618491943466,0.717806133465427,good,
17043_right.jpeg,uneven_illumination,0.4291036223246763,0.00015580647627391967,0.7128666796644827,0.7181518474063913,good,
17043_right.jpeg,fov_misalignment,0.2678976371100642,0.00029382382477440553,0.29573433934561805,0.6570923552367526,reject,Image is out of focus. Please refocus and ensure patient is still.; Uneven illumination detected. Check flash intensity and alignment.
17043_right.jpeg,jpeg_q25,0.45365758880013335,0.00022474652647841827,0.7802212209594581,0.7219610514149266,good,
13546_left.jpeg,baseline,0.4205259300896403,0.0002860330396750662,0.8460038197847427,0.4972407197964413,good,
13546_left.jpeg,defocus_blur,0.4211034046764587,1.7490376211170283e-05,0.8460220225108912,0.4999548025886491,good,
13546_left.jpeg,low_light,0.41990976507443156,7.741436535469396e-05,0.8447960377626095,0.4968007444455055,good,
13546_left.jpeg,uneven_illumination,0.362918106821592,0.00010623352583112738,0.6818900924565854,0.4968563242058187,usable,
13546_left.jpeg,fov_misalignment,0.17522889183439008,0.00027625943536619703,0.14906564028344182,0.49178165584415584,reject,Image is out of focus. Please refocus and ensure patient is still.; Uneven illumination detected. Check flash intensity and alignment.; Incomplete field of view. Ensure proper alignment with pupil.
13546_left.jpeg,jpeg_q25,0.4202909217376244,0.00017448763618180062,0.8453153475398472,0.49744302017682074,good,
18627_left.jpeg,baseline,0.4169695058457054,0.0022862923505595455,0.7204290395267264,0.6556193002845094,good,
18627_left.jpeg,defocus_blur,0.4172247819862703,9.380663696642647e-05,0.720512442134125,0.6600316183381598,good,
18627_left.jpeg,low_light,0.4149585133275475,0.0005613414300567213,0.7170607075872574,0.6550509163999391,good,
18627_left.jpeg,uneven_illumination,0.3009735341750418,0.000907726578641198,0.39102579015152883,0.6550056679622008,reject,Image is out of focus. Please refocus and ensure patient is still.; Uneven illumination detected. Check flash intensity and alignment.
18627_left.jpeg,fov_misalignment,0.23815630435491889,0.0018142916195249242,0.24443732944332303,0.6075100896077834,reject,Image is out of focus. Please refocus and ensure patient is still.; Uneven illumination detected. Check flash intensity and alignment.
18627_left.jpeg,jpeg_q25,0.416500005786653,0.001954891012981927,0.7192172903067596,0.6559679910963776,good,
32316_left.jpeg,baseline,0.4338604834278682,0.0003793715279976595,0.7200164124892401,0.7268119617817406,good,
32316_left.jpeg,defocus_blur,0.43391520278226875,3.976392007100511e-05,0.7200132031138754,0.7275787044975359,good,
32316_left.jpeg,low_light,0.4316482966084828,0.00012735439650057707,0.7169951449733983,0.7225962164367729,good,
32316_left.jpeg,uneven_illumination,0.3197221836667026,0.00016790200627863478,0.39918772683709997,0.7197572738848245,reject,Image is out of focus. Please refocus and ensure patient is still.; Uneven illumination detected. Check flash intensity and alignment.
32316_left.jpeg,fov_misalignment,0.23994015111112782,0.0003408484609631268,0.21406421077180077,0.6595253518264492,reject,Image is out of focus. Please refocus and ensure patient is still.; Uneven illumination detected. Check flash intensity and alignment.
32316_left.jpeg,jpeg_q25,0.4334272729609962,0.00017714960294116884,0.7188675980450734,0.7270110152161764,good,
2293_left.jpeg,baseline,0.40510416616679706,0.0007202305751154833,0.817756240839204,0.4744055585721181,good,
2293_left.jpeg,defocus_blur,0.40548556269708136,2.6617577327506788e-05,0.8177621539427553,0.4770326471447442,good,
2293_left.jpeg,low_light,0.4043576561057873,0.0001812201590444673,0.8166342983945932,0.4738526544162475,good,
2293_left.jpeg,uneven_illumination,0.37852834052488116,0.0002526630311962084,0.7427016591056128,0.4739267785017528,good,
2293_left.jpeg,fov_misalignment,0.1543958349657185,0.0007088251694386969,0.10396224313311886,0.47090207920540567,reject,Image is out of focus. Please refocus and ensure patient is still.; Uneven illumination detected. Check flash intensity and alignment.; Incomplete field of view. Ensure proper alignment with pupil.
2293_left.jpeg,jpeg_q25,0.4050320962516352,0.00019896189071813588,0.8180179861084523,0.4745848654295585,good,
19948_right.jpeg,baseline,0.420051376330166,0.00024653176505641907,0.8444075150074658,0.4976405334861217,good,
19948_right.jpeg,defocus_blur,0.420668691428284,1.720387727881654e-05,0.8444211485345304,0.5004576315611472,good,
19948_right.jpeg,low_light,0.4192874127968411,6.815779259830556e-05,0.842755986186807,0.4971822180576776,good,
19948_right.jpeg,uneven_illumination,0.30815331692157605,8.962860814826447e-05,0.5251618966618965,0.4972432065866119,reject,Image is out of focus. Please refocus and ensure patient is still.; Uneven illumination detected. Check flash intensity and alignment.; Incomplete field of view. Ensure proper alignment with pupil.
19948_right.jpeg,fov_misalignment,0.17283696419140243,0.00023512456798009134,0.14192198463281072,0.49228087897090655,reject,Image is out of focus. Please refocus and ensure patient is still.; Uneven illumination detected. Check flash intensity and alignment.; Incomplete field of view. Ensure proper alignment with pupil.
19948_right.jpeg,jpeg_q25,0.4194741091862663,0.00018732951358756939,0.8426728136171464,0.4978547704593201,good,
20304_left.jpeg,baseline,0.4301648807165905,0.00041242219633146103,0.7117394666203604,0.7235643940837271,good,
20304_left.jpeg,defocus_blur,0.43023423327227617,4.071686946764928e-05,0.7117396898253779,0.7244362203424275,good,
20304_left.jpeg,low_light,0.4282675355481811,0.00013413503136765193,0.7092763694899347,0.7198686088566275,good,
20304_left.jpeg,uneven_illumination,0.3251890668458532,0.0001739978978280806,0.4149567120524961,0.7195384738733933,reject,Image is out of focus. Please refocus and ensure patient is still.; Uneven illumination detected. Check flash intensity and alignment.
20304_left.jpeg,fov_misalignment,0.2381359966626714,0.0003708670385130831,0.21046149463278532,0.6573045069031652,reject,Image is out of focus. Please refocus and ensure patient is still.; Uneven illumination detected. Check flash intensity and alignment.
20304_left.jpeg,jpeg_q25,0.42992436053169925,0.0001674013317466806,0.7112961422192217,0.7236150008890921,good,
20279_left.jpeg,baseline,0.38074136052977603,0.0004706023802801663,0.7611632912310506,0.45658387058718497,good,
20279_left.jpeg,defocus_blur,0.3810713971553943,2.1102078321659063e-05,0.7611576931638658,0.4586310548668503,good,
20279_left.jpeg,low_light,0.37983768424045683,0.0001203630080331549,0.7594118835267853,0.455981519211475,good,
20279_left.jpeg,uneven_illumination,0.3924651245906007,0.0001626858984721401,0.7953653357691461,0.4560887308480427,good,
20279_left.jpeg,fov_misalignment,0.1593978457083302,0.0004650304607543019,0.12961973917999234,0.45537969924412475,reject,Image is out of focus. Please refocus and ensure patient is still.; Uneven illumination detected. Check flash intensity and alignment.; Incomplete field of view. Ensure proper alignment with pupil.
20279_left.jpeg,jpeg_q25,0.38054044352653954,0.00022908174263030096,0.760816253304514,0.4566524886916301,good,
18453_right.jpeg,baseline,0.3702237806600563,0.0006536385567466797,0.7168257209344046,0.47629329164126405,good,
18453_right.jpeg,defocus_blur,0.3707155707180775,2.86796055802707e-05,0.7167483560938395,0.4793686969720063,good,
18453_right.jpeg,low_light,0.369057754163489,0.00016721509202130411,0.7144841144406633,0.4756857122897932,good,
18453_right.jpeg,uneven_illumination,0.27925388708155463,0.00023004442170329608,0.4577396754538413,0.4758119316161154,reject,Image is out of focus. Please refocus and ensure patient is still.; Uneven illumination detected. Check flash intensity and alignment.; Incomplete field of view. Ensure proper alignment with pupil.
18453_right.jpeg,fov_misalignment,0.15036375433462792,0.0006448451399729154,0.09147095988379339,0.4723639212772443,reject,Image is out of focus. Please refocus and ensure patient is still.; Uneven illumination detected. Check flash intensity and alignment.; Incomplete field of view. Ensure proper alignment with pupil.
18453_right.jpeg,jpeg_q25,0.36956354713075934,0.00030506094150033295,0.7152098501464449,0.47647230081161407,good,
10807_left.jpeg,baseline,0.49156794873247633,0.0007303653265165613,0.891727490769704,0.7166847233298931,good,
10807_left.jpeg,defocus_blur,0.49151459356435734,4.474181976856606e-05,0.8917118165170943,0.7175902442218678,good,
10807_left.jpeg,low_light,0.4890953680748467,0.0002134400246160949,0.8903935076746571,0.7094890575154813,good,
10807_left.jpeg,uneven_illumination,0.35293737976097295,0.0002855444925733202,0.5001174579634018,0.7111282067070119,usable,
10807_left.jpeg,fov_misalignment,0.2640101425864107,0.0006604222133754172,0.28713559725359084,0.652994058649215,reject,Image is out of focus. Please refocus and ensure patient is still.; Uneven illumination detected. Check flash intensity and alignment.
10807_left.jpeg,jpeg_q25,0.4907105179503708,0.00018756034226730095,0.890098918775898,0.7164034889675986,good,
12888_right.jpeg,baseline,0.3746482669418928,0.0021954580638626716,0.5867587698015507,0.67361805714322,good,
12888_right.jpeg,defocus_blur,0.37488305174656705,8.673329784503019e-05,0.5868463818744364,0.6778084990855052,good,
12888_right.jpeg,low_light,0.3720552392824509,0.0005454663422363627,0.5817003577874723,0.6729677100797643,good,
12888_right.jpeg,uneven_illumination,0.28089111963917773,0.0008768461636547197,0.32085229945779886,0.672968305453945,reject,Image is out of focus. Please refocus and ensure patient is still.; Uneven illumination detected. Check flash intensity and alignment.
12888_right.jpeg,fov_misalignment,0.2186988689430895,0.0017268914636569706,0.17999266665544114,0.6200427161128893,reject,Image is out of focus. Please refocus and ensure patient is still.; Uneven illumination detected. Check flash intensity and alignment.
12888_right.jpeg,jpeg_q25,0.37408702711874275,0.0017065967620032655,0.5854735083159667,0.6739546420134126,good,
18492_right.jpeg,baseline,0.4663713776831383,0.00047831368307846517,0.8026701022125835,0.7409820657420109,good,
18492_right.jpeg,defocus_blur,0.4663105889627886,4.7771308282217165e-05,0.802665690723351,0.7414339547452116,good,
18492_right.jpeg,low_light,0.4640474806032264,0.00015043880960213473,0.8002886511387705,0.7355451087232637,good,
18492_right.jpeg,uneven_illumination,0.4279094359377714,0.00020518353062004053,0.6963996390824754,0.7363499553866281,good,
18492_right.jpeg,fov_misalignment,0.269529658268457,0.0004243901218552554,0.2918322825149182,0.6688744133579739,reject,Image is out of focus. Please refocus and ensure patient is still.; Uneven illumination detected. Check flash intensity and alignment.
18492_right.jpeg,jpeg_q25,0.4660094659779217,0.000298021626753117,0.8017671280378543,0.7410870500558858,good,
31008_left.jpeg,baseline,0.3901970505025505,0.0006210055573961055,0.7740764308975419,0.47608758986180966,good,
31008_left.jpeg,defocus_blur,0.3906048006343203,3.115553219789791e-05,0.7741457958362149,0.47856523951506375,good,
31008_left.jpeg,low_light,0.38963362357210923,0.00016100647377572974,0.7734400175877654,0.47546085930752424,good,
31008_left.jpeg,uneven_illumination,0.35972062379088354,0.00022087580810257375,0.6878213245215027,0.4755792395404664,usable,
31008_left.jpeg,fov_misalignment,0.15502115688798382,0.0006145897707447911,0.10495132252896376,0.47216943237819436,reject,Image is out of focus. Please refocus and ensure patient is still.; Uneven illumination detected. Check flash intensity and alignment.; Incomplete field of view. Ensure proper alignment with pupil.
31008_left.jpeg,jpeg_q25,0.3901814487463928,0.00032947049307284704,0.7742751642318881,0.47621341227201136,good,
981_left.jpeg,baseline,0.4668721922970104,0.0004692737573971848,0.8032880150144529,0.7421347101559722,good,
981_left.jpeg,defocus_blur,0.46692047634545114,4.515072819549922e-05,0.803272142663072,0.743028664488391,good,
981_left.jpeg,low_light,0.46501663884134026,0.00014813453046269717,0.8004830467141858,0.7391532747167606,good,
981_left.jpeg,uneven_illumination,0.34392914312648215,0.00019782137217694417,0.454440866673362,0.7391828449677387,usable,
981_left.jpeg,fov_misalignment,0.26383434452348803,0.000421083622788324,0.27493582925829807,0.6697534833358736,reject,Image is out of focus. Please refocus and ensure patient is still.; Uneven illumination detected. Check flash intensity and alignment.
981_left.jpeg,jpeg_q25,0.46628087411486835,0.00024080044239512807,0.8017308617485196,0.7423150093037139,good,
26112_left.jpeg,baseline,0.46850491324587695,0.0004997923152274308,0.7993874048172241,0.7540776185350302,good,
26112_left.jpeg,defocus_blur,0.46841437584810675,5.2812990224501695e-05,0.7993758943435452,0.7544467505271046,good,
26112_left.jpeg,low_light,0.46379549261564246,0.00015676362020358115,0.7973494293898075,0.7386419475245135,good,
26112_left.jpeg,uneven_illumination,0.3390042211603418,0.00021034259132096672,0.4402607291230678,0.7393153157229589,usable,
26112_left.jpeg,fov_misalignment,0.2556781737311961,0.0004401406648597615,0.24924090278772967,0.6730712059581873,reject,Image is out of focus. Please refocus and ensure patient is still.; Uneven illumination detected. Check flash intensity and alignment.
26112_left.jpeg,jpeg_q25,0.46859735890582344,0.0003038930401420901,0.7986509339282523,0.7557918992595133,good,
31943_left.jpeg,baseline,0.39254981364685915,0.00040753984194909367,0.7658996219354659,0.4972877201306659,good,
31943_left.jpeg,defocus_blur,0.39294419152543475,2.203627457935258e-05,0.7659152343133557,0.499460180023714,good,
31943_left.jpeg,low_light,0.39167282307726936,0.00010451076378561813,0.7640868499202824,0.4968024851986249,good,
31943_left.jpeg,uneven_illumination,0.36933308064087095,0.00014643587155053562,0.7001709560803729,0.49685868665648075,good,
31943_left.jpeg,fov_misalignment,0.1680418254339295,0.0004012797059429575,0.12813512042356198,0.4921360856132226,reject,Image is out of focus. Please refocus and ensure patient is still.; Uneven illumination detected. Check flash intensity and alignment.; Incomplete field of view. Ensure proper alignment with pupil.
31943_left.jpeg,jpeg_q25,0.3931631622195997,0.00027584903363953923,0.7677244827613652,0.49739701455866436,good,
26122_left.jpeg,baseline,0.3560998520141305,0.0003249358909017692,0.6800841502411993,0.4717617002934004,usable,
26122_left.jpeg,defocus_blur,0.3566737485842004,2.9657884847596382e-05,0.6800672370671698,0.47455340982700805,usable,
26122_left.jpeg,low_light,0.3547085051652039,9.830878062105886e-05,0.6767433869428837,0.4712359848917848,usable,
26122_left.jpeg,uneven_illumination,0.3645640215901705,0.00012832972194488953,0.7048034802946356,0.4713258863930803,usable,
26122_left.jpeg,fov_misalignment,0.1476823530362307,0.0003203735956936947,0.08700476701428549,0.46841014057181324,reject,Image is out of focus. Please refocus and ensure patient is still.; Uneven illumination detected. Check flash intensity and alignment.; Incomplete field of view. Ensure proper alignment with pupil.
26122_left.jpeg,jpeg_q25,0.35574259752102694,0.00019299309140110625,0.6791044250548558,0.4719154060610679,usable,
3091_left.jpeg,baseline,0.3843451775757356,0.009675562357721804,0.7955683296140298,0.40810414907094594,good,
3091_left.jpeg,defocus_blur,0.38215523485925973,0.00014302047036321276,0.7955932037240404,0.41456162147080117,good,
3091_left.jpeg,low_light,0.381084130728571,0.002105487138372014,0.7958451953399978,0.4067844700168919,good,
3091_left.jpeg,uneven_illumination,0.2868395968404212,0.0033007602552930903,0.5250535384945751,0.4070022170608108,reject,Image is out of focus. Please refocus and ensure patient is still.; Uneven illumination detected. Check flash intensity and alignment.; Incomplete field of view. Ensure proper alignment with pupil.
3091_left.jpeg,fov_misalignment,0.11971983060595823,0.009188761229665048,0.045674692592076745,0.4002327348274614,reject,Image is out of focus. Please refocus and ensure patient is still.; Uneven illumination detected. Check flash intensity and alignment.; Incomplete field of view. Ensure proper alignment with pupil.
3091_left.jpeg,jpeg_q25,0.38219520720547184,0.004024298254909187,0.795469725052322,0.40868433654078185,good,
17085_left.jpeg,baseline,0.3587949810580613,0.000411014915418741,0.6795246969378937,0.4831877246545242,usable,
17085_left.jpeg,defocus_blur,0.359137977103786,2.964507960386232e-05,0.6795273737361222,0.48516615305720673,usable,
17085_left.jpeg,low_light,0.3569323781411296,0.00011773281903849485,0.6751479871248214,0.482333958079307,usable,
17085_left.jpeg,uneven_illumination,0.45292879452137913,0.00015253225294864248,0.9492522841283111,0.48251792870116345,good,
17085_left.jpeg,fov_misalignment,0.15587797981269516,0.00040745432902242467,0.10341987275713192,0.4780721704643601,reject,Image is out of focus. Please refocus and ensure patient is still.; Uneven illumination detected. Check flash intensity and alignment.; Incomplete field of view. Ensure proper alignment with pupil.
17085_left.jpeg,jpeg_q25,0.3582597648967053,0.00022387350040166786,0.6780954830573138,0.48334718570593915,usable,
10133_left.jpeg,baseline,0.4799147000785523,0.0004511462427736143,0.8292997008863762,0.7579173850848447,good,
10133_left.jpeg,defocus_blur,0.4800554363765347,4.902285469821967e-05,0.8293160846003402,0.7591007904981456,good,
10133_left.jpeg,low_light,0.4769150753964979,0.00014565711680603372,0.8277933744282204,0.7485165259995935,good,
10133_left.jpeg,uneven_illumination,0.3444365765042855,0.0001937734428608229,0.44921137681552886,0.7485403409668242,usable,
10133_left.jpeg,fov_misalignment,0.2663320198161597,0.00039823502061644945,0.2787419477579862,0.674452176370472,reject,Image is out of focus. Please refocus and ensure patient is still.; Uneven illumination detected. Check flash intensity and alignment.
10133_left.jpeg,jpeg_q25,0.4800101816776472,0.0002582908693146656,0.8290710912800158,0.7589279335276634,good,
23621_left.jpeg,baseline,0.41267441016908224,0.0010977239860135548,0.6938993201887581,0.677482234034446,good,
23621_left.jpeg,defocus_blur,0.4128593539142018,7.995383459315976e-05,0.6938382285928707,0.6799359694914393,good,
23621_left.jpeg,low_light,0.40892108224730295,0.0003183268611801773,0.6880892940906541,0.6718499942844078,good,
23621_left.jpeg,uneven_illumination,0.36296903726360874,0.0004321102204095179,0.5620571110072917,0.6643048172915714,usable,
23621_left.jpeg,fov_misalignment,0.24021028780379183,0.0009256870953593387,0.2406005554398432,0.622519274246812,reject,Image is out of focus. Please refocus and ensure patient is still.; Uneven illumination detected. Check flash intensity and alignment.
23621_left.jpeg,jpeg_q25,0.4125217648801161,0.0008859465627928721,0.6935728222551941,0.6776675938627241,good,
28166_left.jpeg,baseline,0.2954400527329459,0.0007337047193047187,0.5044272070636073,0.47438819349184574,reject,Image is out of focus. Please refocus and ensure patient is still.; Uneven illumination detected. Check flash intensity and alignment.; Incomplete field of view. Ensure proper alignment with pupil.
28166_left.jpeg,defocus_blur,0.29584550379855923,2.744931754059039e-05,0.5044457723833737,0.4771140149494488,reject,Image is out of focus. Please refocus and ensure patient is still.; Uneven illumination detected. Check flash intensity and alignment.; Incomplete field of view. Ensure proper alignment with pupil.
28166_left.jpeg,low_light,0.292661009209188,0.0001833566753163844,0.4975234579496952,0.47381782502667275,reject,Image is out of focus. Please refocus and ensure patient is still.; Uneven illumination detected. Check flash intensity and alignment.; Incomplete field of view. Ensure proper alignment with pupil.
28166_left.jpeg,uneven_illumination,0.36596596717338137,0.00023497986098892522,0.706804211506068,0.47396200480744805,usable,
28166_left.jpeg,fov_misalignment,0.17246581674025394,0.0007288759017475391,0.15546670463344434,0.47104367903139766,reject,Image is out of focus. Please refocus and ensure patient is still.; Uneven illumination detected. Check flash intensity and alignment.; Incomplete field of view. Ensure proper alignment with pupil.
28166_left.jpeg,jpeg_q25,0.29449519927841594,0.0002678088086311529,0.5021115890784936,0.4745960783099629,reject,Image is out of focus. Please refocus and ensure patient is still.; Uneven illumination detected. Check flash intensity and alignment.; Incomplete field of view. Ensure proper alignment with pupil.
24575_left.jpeg,baseline,0.378794668698455,0.00035528367158030224,0.7358363838524151,0.48443928352591037,good,
24575_left.jpeg,defocus_blur,0.379341485259306,2.000006434272728e-05,0.7358613856256414,0.4871280010583779,good,
24575_left.jpeg,low_light,0.3779168888533798,9.260333091110652e-05,0.7339195131775637,0.48403207163547235,good,
24575_left.jpeg,uneven_illumination,0.35344916691517203,0.00013178536551873592,0.6639214396016171,0.48409579563359434,usable,
24575_left.jpeg,fov_misalignment,0.16757835587750106,0.00034792569293320475,0.13563392524406556,0.4798692470596193,reject,Image is out of focus. Please refocus and ensure patient is still.; Uneven illumination detected. Check flash intensity and alignment.; Incomplete field of view. Ensure proper alignment with pupil.
24575_left.jpeg,jpeg_q25,0.37872457380211677,0.0002633411956297728,0.7356347463346966,0.4845883044268844,good,
26077_right.jpeg,baseline,0.3861635808253973,0.00013506672295613242,0.7758159625006317,0.4582958690439751,good,
26077_right.jpeg,defocus_blur,0.3865763418283451,1.5240086422575462e-05,0.7757969659813039,0.4601652308012788,good,
26077_right.jpeg,low_light,0.3850894059806079,4.716421912006213e-05,0.7732287793595066,0.4577618700685304,good,
26077_right.jpeg,uneven_illumination,0.2912501956860273,5.9972885929342854e-05,0.5050421382409005,0.4578458325893616,reject,Image is out of focus. Please refocus and ensure patient is still.; Uneven illumination detected. Check flash intensity and alignment.; Incomplete field of view. Ensure proper alignment with pupil.
26077_right.jpeg,fov_misalignment,0.14330193263247312,0.0001341191624740051,0.083205370831224,0.45650562070622047,reject,Image is out of focus. Please refocus and ensure patient is still.; Uneven illumination detected. Check flash intensity and alignment.; Incomplete field of view. Ensure proper alignment with pupil.
26077_right.jpeg,jpeg_q25,0.3861075556232131,6.890370673052099e-05,0.7756509875141492,0.4584085940422746,good,
11279_right.jpeg,baseline,0.43804691937924023,0.00026237998929605206,0.8957194901803422,0.4977605832816081,good,
11279_right.jpeg,defocus_blur,0.4386912141020346,1.7181529395823362e-05,0.8957483691978857,0.5006896490840654,good,
11279_right.jpeg,low_light,0.4375720474555761,7.169729606929277e-05,0.8949036970209041,0.4973082983193277,good,
11279_right.jpeg,uneven_illumination,0.3177890048971418,9.49566109172597e-05,0.5525977082821243,0.49736729741612556,reject,Image is out of focus. Please refocus and ensure patient is still.; Uneven illumination detected. Check flash intensity and alignment.; Incomplete field of view. Ensure proper alignment with pupil.
11279_right.jpeg,fov_misalignment,0.17373394482205515,0.0002520150705046625,0.14451699508532453,0.49220876205595876,reject,Image is out of focus. Please refocus and ensure patient is still.; Uneven illumination detected. Check flash intensity and alignment.; Incomplete field of view. Ensure proper alignment with pupil.
11279_right.jpeg,jpeg_q25,0.437194839332145,0.00019606435874350222,0.8932096925492654,0.4979720847856188,good,
18638_left.jpeg,baseline,0.39957064443849766,0.00015824718262873123,0.7810499530612315,0.5045594479760607,good,
18638_left.jpeg,defocus_blur,0.4001428491368817,2.6365098484557267e-05,0.781003774827212,0.5071239276318548,good,
18638_left.jpeg,low_light,0.39731722062176034,5.2282052872918634e-05,0.7756377673560081,0.5032923569040332,good,
18638_left.jpeg,uneven_illumination,0.3707821516593867,6.809835345324687e-05,0.699640795117099,0.5035225361080832,good,
18638_left.jpeg,fov_misalignment,0.1835787241985627,0.00014915704307592287,0.1689522928264523,0.49754303556829615,reject,Image is out of focus. Please refocus and ensure patient is still.; Uneven illumination detected. Check flash intensity and alignment.; Incomplete field of view. Ensure proper alignment with pupil.
18638_left.jpeg,jpeg_q25,0.39794587183562824,0.00016893279639305304,0.7762341612263218,0.5047853691514338,good,
29561_right.jpeg,baseline,0.43935752925785354,0.0004815877494576989,0.7276420259997098,0.7379607402326881,good,
29561_right.jpeg,defocus_blur,0.43941083104507384,4.318782858487091e-05,0.7276340546934154,0.7388865470837779,good,
29561_right.jpeg,low_light,0.4373624254434153,0.000149932414229481,0.7244248447618369,0.7350150272443225,good,
29561_right.jpeg,uneven_illumination,0.4354794024819425,0.00019348328451988296,0.7188766406770734,0.7351807397246355,good,
29561_right.jpeg,fov_misalignment,0.2702699505053062,0.0004437505678894751,0.294721944323758,0.6677590790593405,reject,Image is out of focus. Please refocus and ensure patient is still.; Uneven illumination detected. Check flash intensity and alignment.
29561_right.jpeg,jpeg_q25,0.4387825614839629,0.00023385571712955015,0.7261403439852717,0.7381595952090637,good,
19395_left.jpeg,baseline,0.4172547966938014,0.0003837763991349171,0.8367095685322199,0.49701174859148206,good,
19395_left.jpeg,defocus_blur,0.41773969579152276,1.8037999836539655e-05,0.8367263557510807,0.49951302431483957,good,
19395_left.jpeg,low_light,0.4164890478829473,9.87115693155336e-05,0.8351808218606558,0.4965451024159664,good,
19395_left.jpeg,uneven_illumination,0.3767572998808803,0.00013862990521304252,0.7215681390025889,0.4966119970715559,good,
19395_left.jpeg,fov_misalignment,0.17344730639215578,0.0003756916021726338,0.14385718548307272,0.4917880593288452,reject,Image is out of focus. Please refocus and ensure patient is still.; Uneven illumination detected. Check flash intensity and alignment.; Incomplete field of view. Ensure proper alignment with pupil.
19395_left.jpeg,jpeg_q25,0.4167127448781882,0.0002189186017856348,0.8352330449367867,0.49717444683839446,good,
3073_left.jpeg,baseline,0.37556808002197756,0.010173018148219075,0.7697288117569893,0.4083751545909749,good,
3073_left.jpeg,defocus_blur,0.37343409763345686,0.00014351339200596166,0.7695937765965983,0.4160754818713803,good,
3073_left.jpeg,low_light,0.37195821905348386,0.0021950991385101116,0.7693711471753605,0.40720111154681465,good,
3073_left.jpeg,uneven_illumination,0.280393484778888,0.0035067013193829325,0.5060984000132396,0.40742545698600385,reject,Image is out of focus. Please refocus and ensure patient is still.; Uneven illumination detected. Check flash intensity and alignment.; Incomplete field of view. Ensure proper alignment with pupil.
3073_left.jpeg,fov_misalignment,0.1198339402309119,0.009502456529447924,0.045465468447453174,0.4004801746500965,reject,Image is out of focus. Please refocus and ensure patient is still.; Uneven illumination detected. Check flash intensity and alignment.; Incomplete field of view. Ensure proper alignment with pupil.
3073_left.jpeg,jpeg_q25,0.3747095236860113,0.006324159125359354,0.7710513453106971,0.4092475567084942,good,
18424_right.jpeg,baseline,0.39486293651750126,0.0005844513974719072,0.7867566544465232,0.47705730760891746,good,
18424_right.jpeg,defocus_blur,0.3952673266080719,1.952928464625045e-05,0.7867671184879879,0.4795640936936707,good,
18424_right.jpeg,low_light,0.3935208574635354,0.00014167933358982427,0.7838031431034359,0.4765323425755875,good,
18424_right.jpeg,uneven_illumination,0.33703575415397247,0.00019484846728735417,0.6223011404116483,0.4766096624919226,usable,
18424_right.jpeg,fov_misalignment,0.1570284062370775,0.0005728271938371871,0.10921793577214009,0.4742919913571744,reject,Image is out of focus. Please refocus and ensure patient is still.; Uneven illumination detected. Check flash intensity and alignment.; Incomplete field of view. Ensure proper alignment with pupil.
18424_right.jpeg,jpeg_q25,0.39487559362334185,0.00019825135605352456,0.7871688543220376,0.4771487762728293,good,
6904_right.jpeg,baseline,0.31854418286580044,0.00905046108028295,0.6082933551583701,0.4080852965130309,reject,Image is out of focus. Please refocus and ensure patient is still.; Incomplete field of view. Ensure proper alignment with pupil.
6904_right.jpeg,defocus_blur,0.3166623120938605,0.00015598992961890197,0.6082049386614876,0.4149127503619691,reject,Image is out of focus. Please refocus and ensure patient is still.; Incomplete field of view. Ensure proper alignment with pupil.
6904_right.jpeg,low_light,0.31470210344778754,0.0019739614725622387,0.606225183049133,0.4069348191662645,reject,Image is out of focus. Please refocus and ensure patient is still.; Incomplete field of view. Ensure proper alignment with pupil.
6904_right.jpeg,uneven_illumination,0.24255181937127454,0.0030210055663161006,0.3986993967338915,0.4071945131515444,reject,Image is out of focus. Please refocus and ensure patient is still.; Uneven illumination detected. Check flash intensity and alignment.; Incomplete field of view. Ensure proper alignment with pupil.
6904_right.jpeg,fov_misalignment,0.11769892393759783,0.00854112804904607,0.040654965164476475,0.40021293964165056,reject,Image is out of focus. Please refocus and ensure patient is still.; Uneven illumination detected. Check flash intensity and alignment.; Incomplete field of view. Ensure proper alignment with pupil.
6904_right.jpeg,jpeg_q25,0.3166120777720684,0.003995041722761291,0.6079975564303313,0.4088596653293919,reject,Image is out of focus. Please refocus and ensure patient is still.; Incomplete field of view. Ensure proper alignment with pupil.
32395_left.jpeg,baseline,0.46986983594693443,0.0025286379771156573,0.7801689296714126,0.783197021484375,good,
32395_left.jpeg,defocus_blur,0.4698681705331098,8.083050035191651e-05,0.780173085573736,0.7871010335286458,good,
32395_left.jpeg,low_light,0.46803120265173925,0.0005930037751539632,0.7774404322518916,0.7827593994140625,good,
32395_left.jpeg,uneven_illumination,0.4322960291042426,0.0006489308340353799,0.6752359109462152,0.7828155517578125,good,
32395_left.jpeg,fov_misalignment,0.3082826237066104,0.002042976599204832,0.3862578454069981,0.6891007486979167,reject,Image is out of focus. Please refocus and ensure patient is still.; Uneven illumination detected. Check flash intensity and alignment.
32395_left.jpeg,jpeg_q25,0.46900741473882257,0.001220800023369655,0.7787983075325022,0.7837587483723958,good,
19797_right.jpeg,baseline,0.48901048686918513,0.001950227157595586,0.8539888174580389,0.7573372395833333,good,
19797_right.jpeg,defocus_blur,0.4891934612067726,9.77141575676628e-05,0.8539756188805676,0.7610516357421875,good,
19797_right.jpeg,low_light,0.48747273944885894,0.0004922136455483632,0.8516578471068126,0.7567824300130208,good,
19797_right.jpeg,uneven_illumination,0.35125679056914555,0.0007473645934720919,0.4621121351989924,0.7568743896484375,usable,
19797_right.jpeg,fov_misalignment,0.25810402549232614,0.001422446220222237,0.2544185169243087,0.6739542643229167,reject,Image is out of focus. Please refocus and ensure patient is still.; Uneven illumination detected. Check flash intensity and alignment.
19797_right.jpeg,jpeg_q25,0.48941308596179156,0.001392453432859093,0.8554030792376549,0.757860107421875,good,
28209_right.jpeg,baseline,0.4167273558433356,0.00035849139968303646,0.8638409929136623,0.4569584470547223,good,
28209_right.jpeg,defocus_blur,0.41716814509622907,2.1512598796152833e-05,0.8637461434213431,0.4593935594369622,good,
28209_right.jpeg,low_light,0.41538313548679207,9.797295992005698e-05,0.8607318133096902,0.4563512465777302,good,
28209_right.jpeg,uneven_illumination,0.30821173754427045,0.0001257550463762455,0.5544283136663891,0.45644610296993504,reject,Image is out of focus. Please refocus and ensure patient is still.; Uneven illumination detected. Check flash intensity and alignment.; Incomplete field of view. Ensure proper alignment with pupil.
28209_right.jpeg,fov_misalignment,0.15383929222902648,0.00034985752988657957,0.11355905246836462,0.45581472341257695,reject,Image is out of focus. Please refocus and ensure patient is still.; Uneven illumination detected. Check flash intensity and alignment.; Incomplete field of view. Ensure proper alignment with pupil.
28209_right.jpeg,jpeg_q25,0.4159856454238646,0.00017224474555384763,0.861941648340328,0.456948682426113,good,
34303_left.jpeg,baseline,0.3949758887071176,0.00030235597283708284,0.7732101012786475,0.49692564348182455,good,
34303_left.jpeg,defocus_blur,0.39550551246291005,1.738017509738587e-05,0.7732383933564279,0.49946049087248534,good,
34303_left.jpeg,low_light,0.39416474503122045,8.081666627457569e-05,0.7714503230868028,0.4964992211373186,good,
34303_left.jpeg,uneven_illumination,0.34677002536473983,0.0001114843507157209,0.6359576934246501,0.49656095570330405,usable,
34303_left.jpeg,fov_misalignment,0.1749535656925656,0.000294408811276667,0.14830296983614935,0.49171905090161067,reject,Image is out of focus. Please refocus and ensure patient is still.; Uneven illumination detected. Check flash intensity and alignment.; Incomplete field of view. Ensure proper alignment with pupil.
34303_left.jpeg,jpeg_q25,0.39490751851406425,0.0001710198183188858,0.7730561480762006,0.4970778350402661,good,
13641_right.jpeg,baseline,0.39645269246894305,0.00044119353185517664,0.7913480949967425,0.47721752722936434,good,
13641_right.jpeg,defocus_blur,0.3968485625113485,1.9341205267227718e-05,0.7913736867308527,0.4794401426937727,good,
13641_right.jpeg,low_light,0.3952043810588166,0.00011256945966672391,0.7886197661863564,0.47656974043890077,good,
13641_right.jpeg,uneven_illumination,0.3016095244417418,0.00015390296652917265,0.5210638998355943,0.4767023932506887,reject,Image is out of focus. Please refocus and ensure patient is still.; Uneven illumination detected. Check flash intensity and alignment.; Incomplete field of view. Ensure proper alignment with pupil.
13641_right.jpeg,fov_misalignment,0.15389326482205465,0.0004357956271985218,0.10029088178572797,0.47446855178468184,reject,Image is out of focus. Please refocus and ensure patient is still.; Uneven illumination detected. Check flash intensity and alignment.; Incomplete field of view. Ensure proper alignment with pupil.
13641_right.jpeg,jpeg_q25,0.39617676375407873,0.00013065888359830696,0.7907792097434811,0.47740710716168416,good,
10830_right.jpeg,baseline,0.3043472549403277,0.002144883322322782,0.3918834851854986,0.6653203271858965,reject,Image is out of focus. Please refocus and ensure patient is still.; Uneven illumination detected. Check flash intensity and alignment.
10830_right.jpeg,defocus_blur,0.30462647161421863,9.030856487544719e-05,0.3918602408372254,0.6697570555809582,reject,Image is out of focus. Please refocus and ensure patient is still.; Uneven illumination detected. Check flash intensity and alignment.
10830_right.jpeg,low_light,0.30172442430959945,0.0005320874034837348,0.38665332629545984,0.66473170057918,reject,Image is out of focus. Please refocus and ensure patient is still.; Uneven illumination detected. Check flash intensity and alignment.
10830_right.jpeg,uneven_illumination,0.2682579350461287,0.0008299073184685333,0.2907268819939883,0.6646862536833816,reject,Image is out of focus. Please refocus and ensure patient is still.; Uneven illumination detected. Check flash intensity and alignment.
10830_right.jpeg,fov_misalignment,0.19704404638108414,0.0016593878251391265,0.12239613828379727,0.6141665714067978,reject,Image is out of focus. Please refocus and ensure patient is still.; Uneven illumination detected. Check flash intensity and alignment.
10830_right.jpeg,jpeg_q25,0.3042499948388475,0.0017892091826361986,0.39176613767338087,0.665664651920439,reject,Image is out of focus. Please refocus and ensure patient is still.; Uneven illumination detected. Check flash intensity and alignment.
20449_right.jpeg,baseline,0.3780013897289888,0.0013315459530958596,0.6184361491062298,0.6440644766422802,good,
20449_right.jpeg,defocus_blur,0.378122665225516,7.877573260701714e-05,0.6183943857514274,0.6466124796778946,good,
20449_right.jpeg,low_light,0.37466393210345716,0.00036284229708715793,0.612908960868178,0.6400026355230402,good,
20449_right.jpeg,uneven_illumination,0.30264152846045467,0.0005172136387561024,0.4204557674612574,0.6211004975740487,reject,Image is out of focus. Please refocus and ensure patient is still.; Uneven illumination detected. Check flash intensity and alignment.
20449_right.jpeg,fov_misalignment,0.19603652618088127,0.0012121600924260294,0.13065633918734762,0.5992877737133567,reject,Image is out of focus. Please refocus and ensure patient is still.; Uneven illumination detected. Check flash intensity and alignment.
20449_right.jpeg,jpeg_q25,0.3765077933623703,0.0010774804403688614,0.6142570895476768,0.6443472793781436,good,
39738_left.jpeg,baseline,0.4435625351968133,0.000438056946010535,0.740599706466283,0.7367096606208403,good,
39738_left.jpeg,defocus_blur,0.44360652094305686,3.682153007559709e-05,0.7406067762220985,0.7375176826131687,good,
39738_left.jpeg,low_light,0.4416861609421455,0.00013936602530842078,0.7386147763501562,0.7324609712378702,good,
39738_left.jpeg,uneven_illumination,0.3238053732528722,0.00018680133494553298,0.40159302681389164,0.7326923733361276,reject,Image is out of focus. Please refocus and ensure patient is still.; Uneven illumination detected. Check flash intensity and alignment.
39738_left.jpeg,fov_misalignment,0.25067775745889714,0.0003867841338942176,0.24378384743749099,0.6607947888088705,reject,Image is out of focus. Please refocus and ensure patient is still.; Uneven illumination detected. Check flash intensity and alignment.
39738_left.jpeg,jpeg_q25,0.44318147940979435,0.00013520860923895317,0.7400215955874863,0.7364793500419143,good,
15370_right.jpeg,baseline,0.4105426308700699,0.0021404818164230703,0.6952928183281475,0.6653358069145964,good,
15370_right.jpeg,defocus_blur,0.4108159393882306,7.112779607860656e-05,0.6951224416449956,0.6699785347762028,good,
15370_right.jpeg,low_light,0.4079595042111571,0.0005283674380821612,0.6900867231058271,0.6648712165955393,good,
15370_right.jpeg,uneven_illumination,0.347553616021563,0.0007535854563330983,0.5172247772026075,0.6648940392724686,usable,
15370_right.jpeg,fov_misalignment,0.23555773282857195,0.0016644185216631098,0.2323923530436016,0.6142185674185846,reject,Image is out of focus. Please refocus and ensure patient is still.; Uneven illumination detected. Check flash intensity and alignment.
15370_right.jpeg,jpeg_q25,0.40943277186854765,0.0015650732795324965,0.6925177212379368,0.6657021604938271,good,
31848_right.jpeg,baseline,0.29879440837077315,0.009770369473954012,0.5508952216446896,0.40829173202220076,reject,Image is out of focus. Please refocus and ensure patient is still.; Uneven illumination detected. Check flash intensity and alignment.; Incomplete field of view. Ensure proper alignment with pupil.
31848_right.jpeg,defocus_blur,0.296736531904208,0.00014861043280980918,0.5508445865115572,0.4155259298081564,reject,Image is out of focus. Please refocus and ensure patient is still.; Uneven illumination detected. Check flash intensity and alignment.; Incomplete field of view. Ensure proper alignment with pupil.
31848_right.jpeg,low_light,0.2945208433752871,0.002106812407277849,0.5483927478287962,0.4069626266891892,reject,Image is out of focus. Please refocus and ensure patient is still.; Uneven illumination detected. Check flash intensity and alignment.; Incomplete field of view. Ensure proper alignment with pupil.
31848_right.jpeg,uneven_illumination,0.22895727263329368,0.0032940052972132094,0.35944988887924606,0.4073288376266892,reject,Image is out of focus. Please refocus and ensure patient is still.; Uneven illumination detected. Check flash intensity and alignment.; Incomplete field of view. Ensure proper alignment with pupil.
31848_right.jpeg,fov_misalignment,0.11758990157616421,0.00921106053985674,0.039568072639105056,0.400226607746139,reject,Image is out of focus. Please refocus and ensure patient is still.; Uneven illumination detected. Check flash intensity and alignment.; Incomplete field of view. Ensure proper alignment with pupil.
31848_right.jpeg,jpeg_q25,0.2978970880358875,0.006148606381943976,0.5517084250944619,0.40935878680019305,reject,Image is out of focus. Please refocus and ensure patient is still.; Uneven illumination detected. Check flash intensity and alignment.; Incomplete field of view. Ensure proper alignment with pupil.
30947_right.jpeg,baseline,0.5015716739504453,0.01072204873602048,0.8611378616898682,0.7835384114583334,good,
30947_right.jpeg,defocus_blur,0.49858293796220676,0.00010424005902290094,0.8611315989912313,0.7885807291666667,good,
30947_right.jpeg,low_light,0.49759790882033156,0.0022673370295933594,0.8599821402102811,0.7827888997395833,good,
30947_right.jpeg,uneven_illumination,0.3696175129388027,0.003779766498709082,0.4924958300078015,0.7829282633463541,good,
30947_right.jpeg,fov_misalignment,0.29390212310144626,0.006508492145721965,0.3399704701627417,0.6892362467447917,reject,Image is out of focus. Please refocus and ensure patient is still.; Uneven illumination detected. Check flash intensity and alignment.
30947_right.jpeg,jpeg_q25,0.49938245989786734,0.005194581440503292,0.8606776380042391,0.7842698160807292,good,
23562_right.jpeg,baseline,0.3531146472422053,0.0003900711099502125,0.6723511687424235,0.4705428389535081,usable,
23562_right.jpeg,defocus_blur,0.35340779224322383,1.730058923213039e-05,0.6723743852923106,0.47227934862088905,usable,
23562_right.jpeg,low_light,0.350744974992495,0.0001020802142340681,0.6663304757059466,0.4699539056388804,usable,
23562_right.jpeg,uneven_illumination,0.3035919611504323,0.00014129725998350697,0.5315294990638266,0.47000047029639835,reject,Image is out of focus. Please refocus and ensure patient is still.; Uneven illumination detected. Check flash intensity and alignment.; Incomplete field of view. Ensure proper alignment with pupil.
23562_right.jpeg,fov_misalignment,0.1475071191652951,0.000387459017183001,0.08662479301910679,0.4681338320069381,reject,Image is out of focus. Please refocus and ensure patient is still.; Uneven illumination detected. Check flash intensity and alignment.; Incomplete field of view. Ensure proper alignment with pupil.
23562_right.jpeg,jpeg_q25,0.35316643853416835,0.00011987467454410053,0.6727348711390387,0.4706451350627487,usable,
19276_left.jpeg,baseline,0.4056817278152245,0.00038286725540650904,0.8072204787024811,0.4920056534687739,good,
19276_left.jpeg,defocus_blur,0.4061776523196331,1.881648459148151e-05,0.8072499637174527,0.4945305536987522,good,
19276_left.jpeg,low_light,0.40490413126348573,9.868639606026992e-05,0.8056513646267567,0.4915467163427871,good,
19276_left.jpeg,uneven_illumination,0.3358949909963857,0.0001365395819470412,0.6083947246838394,0.49160888609705244,usable,
19276_left.jpeg,fov_misalignment,0.16550110181193206,0.0003759827874849304,0.12443357609105071,0.4871958282602814,reject,Image is out of focus. Please refocus and ensure patient is still.; Uneven illumination detected. Check flash intensity and alignment.; Incomplete field of view. Ensure proper alignment with pupil.
19276_left.jpeg,jpeg_q25,0.4064177830188421,0.00023822942216733797,0.8093737799054141,0.4921666731323211,good,
12398_left.jpeg,baseline,0.4250725191271542,0.001636386615670515,0.9034796892534244,0.43280029296875,good,
12398_left.jpeg,defocus_blur,0.4249917510003576,3.640266441406974e-05,0.9034758864937489,0.43504251864711935,good,
12398_left.jpeg,low_light,0.42403362237673675,0.00037374223013344424,0.9025721423359047,0.4319355026684671,good,
12398_left.jpeg,uneven_illumination,0.3590076980301269,0.0005253585296687886,0.7165159624137767,0.43206787109375,usable,
12398_left.jpeg,fov_misalignment,0.1538436091818833,0.0016351338563908217,0.12872581137755607,0.43254208662872945,reject,Image is out of focus. Please refocus and ensure patient is still.; Uneven illumination detected. Check flash intensity and alignment.; Incomplete field of view. Ensure proper alignment with pupil.
12398_left.jpeg,jpeg_q25,0.4240189474281308,0.00025431566510318153,0.9020262987386218,0.43283206641428756,good,
24276_left.jpeg,baseline,0.451332976485433,0.0005605152597147544,0.7571741457114904,0.7443912775301021,good,
24276_left.jpeg,defocus_blur,0.45136473433652474,4.633912965003009e-05,0.7571873942784574,0.7453224427488188,good,
24276_left.jpeg,low_light,0.4495931671373578,0.00016820041143377788,0.755241286739146,0.7407657464563329,good,
24276_left.jpeg,uneven_illumination,0.3388781640609177,0.0002299463170576471,0.4387148431013834,0.7409439617944419,usable,
24276_left.jpeg,fov_misalignment,0.2510382343296845,0.0005002242234609356,0.24147315500033048,0.6652901615607377,reject,Image is out of focus. Please refocus and ensure patient is still.; Uneven illumination detected. Check flash intensity and alignment.
24276_left.jpeg,jpeg_q25,0.45081986337997665,0.00031650933153707305,0.7560462969696872,0.7443082228318854,good,
42620_right.jpeg,baseline,0.48722853780110265,0.0002884284929576928,0.8629408533118823,0.7403354709790431,good,
42620_right.jpeg,defocus_blur,0.4873293505592442,3.22085113431512e-05,0.8629228862431453,0.7411738278784245,good,
42620_right.jpeg,low_light,0.48578930860532604,0.0001005331149113878,0.8611966991818925,0.7373210025827968,good,
42620_right.jpeg,uneven_illumination,0.39489135987173074,0.00013351895469512336,0.6013376210369086,0.7374791397077389,good,
42620_right.jpeg,fov_misalignment,0.26539421327218315,0.0002521422296077586,0.2829623043188114,0.6650261994750242,reject,Image is out of focus. Please refocus and ensure patient is still.; Uneven illumination detected. Check flash intensity and alignment.
42620_right.jpeg,jpeg_q25,0.4865896639458147,0.00013789720481469482,0.8612582396728036,0.7403764847136304,good,
7508_left.jpeg,baseline,0.42826052099917367,0.00029540340806810027,0.867856140965854,0.4975708411915903,good,
7508_left.jpeg,defocus_blur,0.4288288477481024,1.8838594772153442e-05,0.8678412554544127,0.5003074916045964,good,
7508_left.jpeg,low_light,0.42764573340157264,7.945658385560829e-05,0.8666610247067867,0.4971303684826203,good,
7508_left.jpeg,uneven_illumination,0.36077156249120207,0.0001092589700170963,0.6755163845785161,0.4971884972028584,usable,
7508_left.jpeg,fov_misalignment,0.17316213090716495,0.00028523204466749714,0.1429689077836484,0.49203568146008403,reject,Image is out of focus. Please refocus and ensure patient is still.; Uneven illumination detected. Check flash intensity and alignment.; Incomplete field of view. Ensure proper alignment with pupil.
7508_left.jpeg,jpeg_q25,0.4272837110020051,0.00019518674245915768,0.8650410612258361,0.4977650595039152,good,
213_right.jpeg,baseline,0.47857032021663437,0.004073845840752256,0.803264556069926,0.7831927490234375,good,
213_right.jpeg,defocus_blur,0.47804606538325306,8.109843151385963e-05,0.8032738528689632,0.7874711100260416,good,
213_right.jpeg,low_light,0.47633193177755023,0.000903047765609695,0.8007889502662324,0.7827783203125,good,
213_right.jpeg,uneven_illumination,0.3483759999251349,0.0016214762702336178,0.43434681499177025,0.7828240966796876,usable,
213_right.jpeg,fov_misalignment,0.2889613849447812,0.0024939106120944726,0.33056075119998707,0.6890702311197917,reject,Image is out of focus. Please refocus and ensure patient is still.; Uneven illumination detected. Check flash intensity and alignment.
213_right.jpeg,jpeg_q25,0.4772942549656559,0.0019033530099069073,0.8016347701133941,0.7838429768880208,good,
2013_left.jpeg,baseline,0.4467088616541491,0.0012641878828541868,0.821252359889873,0.6350594421582076,good,
2013_left.jpeg,defocus_blur,0.44705767368982263,8.053022319399801e-05,0.8212535331970341,0.6383468999263324,good,
2013_left.jpeg,low_light,0.44526946443457793,0.00034760805211442785,0.8186935260213513,0.6343507484250368,good,
2013_left.jpeg,uneven_illumination,0.38195350758907604,0.0004495118496774372,0.6375956562488156,0.6344608926484784,good,
2013_left.jpeg,fov_misalignment,0.20509712756773196,0.0011948668860208126,0.16115330329633973,0.592862098638419,reject,Image is out of focus. Please refocus and ensure patient is still.; Uneven illumination detected. Check flash intensity and alignment.
2013_left.jpeg,jpeg_q25,0.4461900085383037,0.001076182985488053,0.8198095750398223,0.6353047363206829,good,
29234_left.jpeg,baseline,0.37394849847571576,0.01035975870282599,0.7658898969258907,0.40697252428209457,good,
29234_left.jpeg,defocus_blur,0.3715547108433516,0.00014869051313987162,0.7660118695680631,0.41356432115709457,good,
29234_left.jpeg,low_light,0.3717616730813189,0.002241918919867799,0.7700296365510637,0.4054181308819981,good,
29234_left.jpeg,uneven_illumination,0.32981373674798775,0.0034765997787865716,0.6485612945198529,0.4057065750180985,reject,Image is out of focus. Please refocus and ensure patient is still.; Incomplete field of view. Ensure proper alignment with pupil.
29234_left.jpeg,fov_misalignment,0.11981605230362197,0.009751461400382525,0.04676456918190523,0.3981914741192085,reject,Image is out of focus. Please refocus and ensure patient is still.; Uneven illumination detected. Check flash intensity and alignment.; Incomplete field of view. Ensure proper alignment with pupil.
29234_left.jpeg,jpeg_q25,0.37197180740956254,0.003525126570550347,0.767450607768983,0.40781617624879346,good,
8163_right.jpeg,baseline,0.3787771339746375,0.00039627770739586546,0.7457575136717384,0.470413972426283,good,
8163_right.jpeg,defocus_blur,0.37904960810352367,1.941982134455436e-05,0.745769850921078,0.4720895694104343,good,
8163_right.jpeg,low_light,0.3770574330855592,0.00010355617515845944,0.7415792653995389,0.469853070902629,good,
8163_right.jpeg,uneven_illumination,0.32641704980370045,0.00014136785648848483,0.5968002297409615,0.4699216890070741,reject,Image is out of focus. Please refocus and ensure patient is still.; Uneven illumination detected. Check flash intensity and alignment.; Incomplete field of view. Ensure proper alignment with pupil.
8163_right.jpeg,fov_misalignment,0.1481121157376698,0.0003938481564242553,0.08846092239165282,0.4679730145520865,reject,Image is out of focus. Please refocus and ensure patient is still.; Uneven illumination detected. Check flash intensity and alignment.; Incomplete field of view. Ensure proper alignment with pupil.
8163_right.jpeg,jpeg_q25,0.3790763967496586,0.00016979774127510577,0.7468100352215544,0.4704998613024181,good,
26906_left.jpeg,baseline,0.4870365666542448,0.00044884156010789004,0.8579455049213186,0.7463044132309608,good,
26906_left.jpeg,defocus_blur,0.48700492577354715,5.038919537696977e-05,0.8579421242007517,0.7468201065005334,good,
26906_left.jpeg,low_light,0.48392575837438645,0.0001434261292908447,0.8567420335234054,0.7360347047579129,good,
26906_left.jpeg,uneven_illumination,0.37501644557392055,0.00019286305943792915,0.5454728335244935,0.7360952344662907,good,
26906_left.jpeg,fov_misalignment,0.2601524873899219,0.0004026445286576853,0.2607412419599299,0.6749279795699334,reject,Image is out of focus. Please refocus and ensure patient is still.; Uneven illumination detected. Check flash intensity and alignment.
26906_left.jpeg,jpeg_q25,0.4871473940700287,0.0003402174353291053,0.8579226843332597,0.7469534703170249,good,
13943_left.jpeg,baseline,0.38001095905959437,0.0020243021888498506,0.7277941193705044,0.49789318561751156,good,
13943_left.jpeg,defocus_blur,0.38013216172208764,5.410934921999517e-05,0.7277564634032446,0.5015830231650561,good,
13943_left.jpeg,low_light,0.3781345531274074,0.0004658219191663507,0.72463876702064,0.4972986236100675,good,
13943_left.jpeg,uneven_illumination,0.36760637240225225,0.0006694189422086616,0.6942591037201744,0.49739167409323104,usable,
13943_left.jpeg,fov_misalignment,0.1721110372732559,0.0019763042518089816,0.13960062448058436,0.4898411880173112,reject,Image is out of focus. Please refocus and ensure patient is still.; Uneven illumination detected. Check flash intensity and alignment.; Incomplete field of view. Ensure proper alignment with pupil.
13943_left.jpeg,jpeg_q25,0.3791328690373347,0.0006242851678032414,0.7267401073326394,0.49809646961515835,good,
15199_right.jpeg,baseline,0.3899323866526649,0.00036414160788630147,0.7679984163248279,0.4839491371832824,good,
15199_right.jpeg,defocus_blur,0.3904361016776686,2.161870504268944e-05,0.76801090239317,0.4864945534321683,good,
15199_right.jpeg,low_light,0.38913788786831116,9.508485035168215e-05,0.7663248693717174,0.48354459859227783,good,
15199_right.jpeg,uneven_illumination,0.2897068831495502,0.00012439810311840144,0.4821619291907211,0.4836017947662019,reject,Image is out of focus. Please refocus and ensure patient is still.; Uneven illumination detected. Check flash intensity and alignment.; Incomplete field of view. Ensure proper alignment with pupil.
15199_right.jpeg,fov_misalignment,0.15936805005256333,0.0003563696715853625,0.11248692105117675,0.47942031926406925,reject,Image is out of focus. Please refocus and ensure patient is still.; Uneven illumination detected. Check flash intensity and alignment.; Incomplete field of view. Ensure proper alignment with pupil.
15199_right.jpeg,jpeg_q25,0.3897359203342528,0.00029466782568279295,0.7673956068296616,0.48411836325439267,good,
4848_right.jpeg,baseline,0.3450115927355239,0.00040822351455080397,0.6620467499207588,0.45252776342975204,usable,
4848_right.jpeg,defocus_blur,0.345313904881243,1.5790271003697923e-05,0.6620549084398928,0.4543534832755161,usable,
4848_right.jpeg,low_light,0.343427017665124,0.00010468991986141821,0.6582902760691006,0.451934180291977,usable,
4848_right.jpeg,uneven_illumination,0.26477375596101327,0.00014534520696758666,0.4334534972869373,0.45202757531119275,reject,Image is out of focus. Please refocus and ensure patient is still.; Uneven illumination detected. Check flash intensity and alignment.; Incomplete field of view. Ensure proper alignment with pupil.
4848_right.jpeg,fov_misalignment,0.13854881006387615,0.000407289464855478,0.07291283295779748,0.45146561097081933,reject,Image is out of focus. Please refocus and ensure patient is still.; Uneven illumination detected. Check flash intensity and alignment.; Incomplete field of view. Ensure proper alignment with pupil.
4848_right.jpeg,jpeg_q25,0.3444331001677004,9.344255237488616e-05,0.6606737626410963,0.4526396248894671,usable,
20011_right.jpeg,baseline,0.4378282653968756,0.0003180801281968545,0.9241239151548515,0.45703065216559535,good,
20011_right.jpeg,defocus_blur,0.4383357260129306,2.1724710417694717e-05,0.9240673213478249,0.45961389462809915,good,
20011_right.jpeg,low_light,0.4368752606964056,8.81555472655599e-05,0.9220518859758154,0.45648735354385606,good,
20011_right.jpeg,uneven_illumination,0.3225864540586399,0.00011411896238559897,0.595417383757807,0.45657888863381285,reject,Image is out of focus. Please refocus and ensure patient is still.; Uneven illumination detected. Check flash intensity and alignment.; Incomplete field of view. Ensure proper alignment with pupil.
20011_right.jpeg,fov_misalignment,0.15390476766179176,0.0003125015698796455,0.11364296504326522,0.4560189170747883,reject,Image is out of focus. Please refocus and ensure patient is still.; Uneven illumination detected. Check flash intensity and alignment.; Incomplete field of view. Ensure proper alignment with pupil.
20011_right.jpeg,jpeg_q25,0.4369970619052949,0.00017781656351274536,0.9218676906332056,0.45708897423307143,good,
12122_left.jpeg,baseline,0.4844072136695903,0.010504194464568326,0.8124469575287573,0.7833964029947916,good,
12122_left.jpeg,defocus_blur,0.4814880155863811,0.00011003108487809894,0.8124464136293383,0.7883510335286459,good,
12122_left.jpeg,low_light,0.48049579797261427,0.002226695395822082,0.8111668671591191,0.782786865234375,good,
12122_left.jpeg,uneven_illumination,0.412484520001528,0.0028488302992125433,0.6160889453339117,0.7828554280598958,good,
12122_left.jpeg,fov_misalignment,0.31983445556879364,0.00809020887610812,0.41226374636381363,0.6892242431640625,reject,Image is out of focus. Please refocus and ensure patient is still.; Uneven illumination detected. Check flash intensity and alignment.
12122_left.jpeg,jpeg_q25,0.4823865971849642,0.005300049708864407,0.8120554784876836,0.7841886393229167,good,
2116_left.jpeg,baseline,0.3784651352619548,0.0037582346948197318,0.5359584802657467,0.7575054931640625,good,
2116_left.jpeg,defocus_blur,0.37803046777098986,9.291834301134091e-05,0.5359797423108152,0.7616015625,good,
2116_left.jpeg,low_light,0.375199025919547,0.0008513051599414348,0.5304478342116001,0.7568070475260417,good,
2116_left.jpeg,uneven_illumination,0.5227147815879081,0.0007895196059656612,0.9519410259451666,0.7568784586588542,good,
2116_left.jpeg,fov_misalignment,0.3113616862135391,0.0033034972219189067,0.4043182490808205,0.6741156005859374,reject,Image is out of focus. Please refocus and ensure patient is still.; Uneven illumination detected. Check flash intensity and alignment.
2116_left.jpeg,jpeg_q25,0.3775885104313509,0.0019286648881485801,0.5351580735031185,0.758046875,good,
29375_right.jpeg,baseline,0.41661624394519053,0.0002332145031246463,0.8572190188991011,0.46598520611702127,good,
29375_right.jpeg,defocus_blur,0.41701730631349904,4.605355355576619e-05,0.8571585493497026,0.4679735704787234,good,
29375_right.jpeg,low_light,0.41489245266800745,8.426487699468086e-05,0.8538972123151277,0.4639788896276596,good,
29375_right.jpeg,uneven_illumination,0.30277278789533146,0.00010651715107231779,0.5333974967258613,0.46416422872340424,reject,Image is out of focus. Please refocus and ensure patient is still.; Uneven illumination detected. Check flash intensity and alignment.; Incomplete field of view. Ensure proper alignment with pupil.
29375_right.jpeg,fov_misalignment,0.1638084241307509,0.00023287337816721809,0.13519974974989352,0.4655814494680851,reject,Image is out of focus. Please refocus and ensure patient is still.; Uneven illumination detected. Check flash intensity and alignment.; Incomplete field of view. Ensure proper alignment with pupil.
29375_right.jpeg,jpeg_q25,0.4168691750783802,0.000224530932805073,0.8578861825773334,0.46607679521276596,good,
8909_left.jpeg,baseline,0.39362143566455154,0.008558052574412112,0.8229578876148348,0.4086518158783784,good,
8909_left.jpeg,defocus_blur,0.3918479185306152,0.00013560143319747036,0.8228254338580401,0.4152191044280888,good,
8909_left.jpeg,low_light,0.39081835772812434,0.001880055901330913,0.8235493032186302,0.4072963169642857,good,
8909_left.jpeg,uneven_illumination,0.2934564341542385,0.0029652283392841167,0.5439379329727778,0.40756826511221045,reject,Image is out of focus. Please refocus and ensure patient is still.; Uneven illumination detected. Check flash intensity and alignment.; Incomplete field of view. Ensure proper alignment with pupil.
8909_left.jpeg,fov_misalignment,0.11996452622121428,0.00808514500241312,0.04727185021698289,0.4007412825772201,reject,Image is out of focus. Please refocus and ensure patient is still.; Uneven illumination detected. Check flash intensity and alignment.; Incomplete field of view. Ensure proper alignment with pupil.
8909_left.jpeg,jpeg_q25,0.39212037473482914,0.0037098086937117757,0.8238908453774375,0.40909862150096526,good,
6521_right.jpeg,baseline,0.511335094123628,0.001226639844940017,0.931038120880519,0.7399243835098817,good,
6521_right.jpeg,defocus_blur,0.510733387373345,4.879334495988601e-05,0.9310137173076855,0.7394362759106844,good,
6521_right.jpeg,low_light,0.5090032453286091,0.0003072968621060741,0.9301303964976344,0.7333387512383783,good,
6521_right.jpeg,uneven_illumination,0.3683373610473295,0.0004352122918310607,0.5283300370039835,0.7329910527168114,usable,
6521_right.jpeg,fov_misalignment,0.2745174200638326,0.0010991478792764368,0.3067752943396838,0.666825631572931,reject,Image is out of focus. Please refocus and ensure patient is still.; Uneven illumination detected. Check flash intensity and alignment.
6521_right.jpeg,jpeg_q25,0.5110586002347488,0.0004740999216362214,0.9313935383069922,0.7395248874345882,good,
20724_right.jpeg,baseline,0.39965458082417,0.0005724912052672881,0.8012181734571281,0.47599689452827315,good,
20724_right.jpeg,defocus_blur,0.3999814639487251,3.172017895317846e-05,0.8011890055544411,0.47821049573235785,good,
20724_right.jpeg,low_light,0.398694375154294,0.00015076279079147446,0.7994852403580697,0.4752569436506122,good,
20724_right.jpeg,uneven_illumination,0.30364713646787883,0.0002057298337395867,0.527761282937453,0.4753935820250978,reject,Image is out of focus. Please refocus and ensure patient is still.; Uneven illumination detected. Check flash intensity and alignment.; Incomplete field of view. Ensure proper alignment with pupil.
20724_right.jpeg,fov_misalignment,0.14852580635973445,0.0005673664147254347,0.08648173611706064,0.47212100861149214,reject,Image is out of focus. Please refocus and ensure patient is still.; Uneven illumination detected. Check flash intensity and alignment.; Incomplete field of view. Ensure proper alignment with pupil.
20724_right.jpeg,jpeg_q25,0.39894048036350616,0.0002920444333866473,0.7993844962720842,0.47615635557968805,good,
11568_right.jpeg,baseline,0.437550273993631,0.0002302780738509365,0.9152710900402589,0.468453125,good,
11568_right.jpeg,defocus_blur,0.4381256228414515,4.3978054310844835e-05,0.9152577261703452,0.47107130984042556,good,
11568_right.jpeg,low_light,0.4367565026879708,8.281357205254075e-05,0.9141986073285738,0.4670154587765957,good,
11568_right.jpeg,uneven_illumination,0.31782884890366053,0.00010592533938751981,0.5742478183262346,0.46719896941489364,reject,Image is out of focus. Please refocus and ensure patient is still.; Uneven illumination detected. Check flash intensity and alignment.; Incomplete field of view. Ensure proper alignment with pupil.
11568_right.jpeg,fov_misalignment,0.16650596593961306,0.0002293626278234755,0.14144255930144273,0.4676373005319149,reject,Image is out of focus. Please refocus and ensure patient is still.; Uneven illumination detected. Check flash intensity and alignment.; Incomplete field of view. Ensure proper alignment with pupil.
11568_right.jpeg,jpeg_q25,0.43652941072936735,0.00025513888938009276,0.9122534995841897,0.46855452127659575,good,
31023_left.jpeg,baseline,0.507580632567758,0.004079951010070427,0.8860019154082757,0.7833919270833334,good,
31023_left.jpeg,defocus_blur,0.5070935594273944,8.190156270049337e-05,0.8860209078968653,0.7878139241536458,good,
31023_left.jpeg,low_light,0.5057680489234768,0.0009095209952495603,0.8848566970274908,0.7828175862630208,good,
31023_left.jpeg,uneven_illumination,0.40132081319972746,0.0015090366394775179,0.5856924434309644,0.7828993733723958,good,
31023_left.jpeg,fov_misalignment,0.3055816511875473,0.002582056959589421,0.3778847257312145,0.6891566975911458,reject,Image is out of focus. Please refocus and ensure patient is still.; Uneven illumination detected. Check flash intensity and alignment.
31023_left.jpeg,jpeg_q25,0.5062962428995321,0.001762317823724718,0.8845181043485583,0.7840399169921874,good,
22072_right.jpeg,baseline,0.4777040975495558,0.0005471018675447355,0.8252166857350584,0.75463766718107,good,
22072_right.jpeg,defocus_blur,0.4776927540847602,4.798518194993648e-05,0.8252175823403891,0.7553896247713763,good,
22072_right.jpeg,low_light,0.4759998605140674,0.0001659310819424828,0.8233820108720054,0.7509991371043541,good,
22072_right.jpeg,uneven_illumination,0.4082323992553021,0.00022134710595123533,0.6296189694571509,0.751108884411675,good,
22072_right.jpeg,fov_misalignment,0.2722059439990523,0.00048614840529830365,0.2966848915465488,0.6726870903825636,reject,Image is out of focus. Please refocus and ensure patient is still.; Uneven illumination detected. Check flash intensity and alignment.
22072_right.jpeg,jpeg_q25,0.47771239884457206,0.00027129151980971226,0.8255765245210076,0.7546083946171823,good,
25576_right.jpeg,baseline,0.37339945276120934,0.0006141720521174387,0.7221680136300582,0.481579916679368,good,
25576_right.jpeg,defocus_blur,0.3737331632682816,2.5803122470364006e-05,0.7221542758884757,0.4838753818333079,good,
25576_right.jpeg,low_light,0.3719245358501869,0.0001587463457929188,0.7190280080667193,0.48080493795407203,good,
25576_right.jpeg,uneven_illumination,0.28362709439527967,0.00022161395827967556,0.4666383471093202,0.4808601092948229,reject,Image is out of focus. Please refocus and ensure patient is still.; Uneven illumination detected. Check flash intensity and alignment.; Incomplete field of view. Ensure proper alignment with pupil.
25576_right.jpeg,fov_misalignment,0.1518764167853135,0.0006071190804143801,0.09222665388154497,0.4774169611784281,reject,Image is out of focus. Please refocus and ensure patient is still.; Uneven illumination detected. Check flash intensity and alignment.; Incomplete field of view. Ensure proper alignment with pupil.
25576_right.jpeg,jpeg_q25,0.37347124476543514,0.00017272741713817037,0.7227569367690316,0.48174890371767515,good,
13061_left.jpeg,baseline,0.401532566216843,0.0006082160285043633,0.8063820539757661,0.4762222436556927,good,
13061_left.jpeg,defocus_blur,0.402003903305321,2.821024736505173e-05,0.806392838943008,0.4790205023052888,good,
13061_left.jpeg,low_light,0.4009632076340088,0.00015813082760987048,0.8056892952960869,0.4756348077973378,good,
13061_left.jpeg,uneven_illumination,0.3576519128466655,0.0002143421404861491,0.6817913174696353,0.47575685950439467,usable,
13061_left.jpeg,fov_misalignment,0.16014147455894925,0.0006017698411279896,0.11948190657538109,0.4723283972844587,reject,Image is out of focus. Please refocus and ensure patient is still.; Uneven illumination detected. Check flash intensity and alignment.; Incomplete field of view. Ensure proper alignment with pupil.
13061_left.jpeg,jpeg_q25,0.40137874076124747,0.0002761935010624448,0.8062215730370762,0.47636285119138344,good,
11586_left.jpeg,baseline,0.4421320194213346,0.0018447509758435271,0.9054979459306277,0.4978793518211101,good,
11586_left.jpeg,defocus_blur,0.44245935670950254,4.511040664221198e-05,0.9055159732186857,0.5020428876812227,good,
11586_left.jpeg,low_light,0.4410803578443002,0.0004280971676308567,0.9045224607620762,0.49730503084208505,good,
11586_left.jpeg,uneven_illumination,0.3624180081722831,0.0006081474265755941,0.6795105351984032,0.4973842475288471,usable,
11586_left.jpeg,fov_misalignment,0.16234413441359996,0.0017798964314065752,0.11220797925995855,0.4894375324002074,reject,Image is out of focus. Please refocus and ensure patient is still.; Uneven illumination detected. Check flash intensity and alignment.; Incomplete field of view. Ensure proper alignment with pupil.
11586_left.jpeg,jpeg_q25,0.44158083665798464,0.0005107641924196992,0.9052995791256032,0.49808671314822256,good,
17108_right.jpeg,baseline,0.430428253833963,0.0020792263233785587,0.6865387125388457,0.7572320556640625,good,
17108_right.jpeg,defocus_blur,0.43057921846325287,9.503178298390832e-05,0.686520754570482,0.7610357666015625,good,
17108_right.jpeg,low_light,0.4280848739686573,0.0005117065579952016,0.6819665623263121,0.756767578125,good,
17108_right.jpeg,uneven_illumination,0.34964603401345634,0.0007355096020202869,0.457540815467239,0.7568501790364583,usable,
17108_right.jpeg,fov_misalignment,0.25167028638250194,0.0014639232304737868,0.23604030148013372,0.6738824462890625,reject,Image is out of focus. Please refocus and ensure patient is still.; Uneven illumination detected. Check flash intensity and alignment.
17108_right.jpeg,jpeg_q25,0.42995061043695293,0.001262531284244279,0.6857211175318452,0.7577728271484375,good,
22301_right.jpeg,baseline,0.3889747062307628,0.0005154957940700356,0.7701986029317855,0.4767959875480393,good,
22301_right.jpeg,defocus_blur,0.3893625916163572,2.008751306802883e-05,0.7701899815925786,0.47915225221491003,good,
22301_right.jpeg,low_light,0.38798709572094753,0.00012805246301723696,0.7681374047271642,0.4763511323249328,good,
22301_right.jpeg,uneven_illumination,0.29222887244738516,0.00018385377700058195,0.4944389474255208,0.4764067973506105,reject,Image is out of focus. Please refocus and ensure patient is still.; Uneven illumination detected. Check flash intensity and alignment.; Incomplete field of view. Ensure proper alignment with pupil.
22301_right.jpeg,fov_misalignment,0.15350184459087288,0.0005025271726277267,0.09944520016946533,0.47398005465003573,reject,Image is out of focus. Please refocus and ensure patient is still.; Uneven illumination detected. Check flash intensity and alignment.; Incomplete field of view. Ensure proper alignment with pupil.
22301_right.jpeg,jpeg_q25,0.3883257878465055,0.00018466763453073109,0.7686411729310964,0.47691004106723806,good,
22896_right.jpeg,baseline,0.3992538701208471,0.001365511470141794,0.5983597049541779,0.7571270751953125,good,
22896_right.jpeg,defocus_blur,0.39957352698253956,8.838673432337936e-05,0.5983551167422108,0.7604555257161458,good,
22896_right.jpeg,low_light,0.396344236842774,0.00036306666808119794,0.5914776755573506,0.756727294921875,good,
22896_right.jpeg,uneven_illumination,0.3220558796202434,0.0006117802317602439,0.38457496316462114,0.7488397216796875,reject,Image is out of focus. Please refocus and ensure patient is still.; Uneven illumination detected. Check flash intensity and alignment.
22896_right.jpeg,fov_misalignment,0.24349596821834912,0.0008083201736331384,0.2134916241512352,0.6738022867838541,reject,Image is out of focus. Please refocus and ensure patient is still.; Uneven illumination detected. Check flash intensity and alignment.
22896_right.jpeg,jpeg_q25,0.398726731416508,0.001015074488462498,0.5969096811105746,0.7576092529296875,good,
30579_right.jpeg,baseline,0.4253255555643429,0.0004828984651462823,0.8885251088462884,0.45659443232833385,good,
30579_right.jpeg,defocus_blur,0.42571879160816395,2.1097893141813096e-05,0.8885731249928603,0.4588390348136245,good,
30579_right.jpeg,low_light,0.4252895275869725,0.00012229578233051102,0.889229808770447,0.4560407048175356,good,
30579_right.jpeg,uneven_illumination,0.3459510940835885,0.0001631979862225656,0.6624232522917186,0.4561507063479917,usable,
30579_right.jpeg,fov_misalignment,0.16969504711699857,0.00047817023986660584,0.15889932549336458,0.4555560603934973,reject,Image is out of focus. Please refocus and ensure patient is still.; Uneven illumination detected. Check flash intensity and alignment.; Incomplete field of view. Ensure proper alignment with pupil.
30579_right.jpeg,jpeg_q25,0.42589505310598696,0.0002452902801109062,0.8903832770035998,0.4566511601707309,good,
17774_right.jpeg,baseline,0.4838057001844399,0.0004142026463153245,0.854074989301734,0.7388550914812274,good,
17774_right.jpeg,defocus_blur,0.48387421035282574,4.667571407668769e-05,0.8540734879744086,0.739719277104608,good,
17774_right.jpeg,low_light,0.48032124354898,0.0001361283661015849,0.8525009034696486,0.7275659039526495,good,
17774_right.jpeg,uneven_illumination,0.40408479561085464,0.00017922969383884373,0.6343592791279886,0.7279494241540924,good,
17774_right.jpeg,fov_misalignment,0.25498958359727364,0.00037412811219492245,0.25341190994109547,0.664583055492049,reject,Image is out of focus. Please refocus and ensure patient is still.; Uneven illumination detected. Check flash intensity and alignment.
17774_right.jpeg,jpeg_q25,0.48336662253876306,0.00024105702978288114,0.8522183638308022,0.7399750895442768,good,
22405_left.jpeg,baseline,0.46020104802008654,0.000380804728240808,0.7811005772728792,0.7466540963331301,good,
22405_left.jpeg,defocus_blur,0.4603182571728586,4.6067142510357334e-05,0.7811068291728489,0.7476497604214296,good,
22405_left.jpeg,low_light,0.4587580146179218,0.00012968647164268607,0.7793810304453834,0.7436911174935223,good,
22405_left.jpeg,uneven_illumination,0.33801885864500636,0.0001688436364925827,0.43424570677246155,0.7438612952801911,usable,
22405_left.jpeg,fov_misalignment,0.25019370004087593,0.0003385540693894722,0.23524688640022123,0.6708874726921709,reject,Image is out of focus. Please refocus and ensure patient is still.; Uneven illumination detected. Check flash intensity and alignment.
22405_left.jpeg,jpeg_q25,0.4598635497132063,0.00023513331695121785,0.780149823546827,0.7468682325801453,good,
15883_right.jpeg,baseline,0.406495271967528,0.0005390236795407283,0.8388011491138875,0.45079704122340425,good,
15883_right.jpeg,defocus_blur,0.4071598934484043,4.641313324043684e-05,0.8387653070012208,0.4542938829787234,good,
15883_right.jpeg,low_light,0.4053679795798183,0.00015726220548395768,0.8364413133457972,0.450202460106383,good,
15883_right.jpeg,uneven_illumination,0.2963497276593217,0.00021278698404432152,0.5248363464096103,0.4502875664893617,reject,Image is out of focus. Please refocus and ensure patient is still.; Uneven illumination detected. Check flash intensity and alignment.; Incomplete field of view. Ensure proper alignment with pupil.
15883_right.jpeg,fov_misalignment,0.15676655857702892,0.0005370389413588914,0.12534528680229862,0.4507235704787234,reject,Image is out of focus. Please refocus and ensure patient is still.; Uneven illumination detected. Check flash intensity and alignment.; Incomplete field of view. Ensure proper alignment with pupil.
15883_right.jpeg,jpeg_q25,0.4062038048653459,0.0005559013508304097,0.8378072136489757,0.45099567819148934,good,
10753_right.jpeg,baseline,0.4640006788481763,0.0003560149507228532,0.8064345861388541,0.7264246708771529,good,
10753_right.jpeg,defocus_blur,0.46412789165715984,4.2933663446683554e-05,0.8064431814228855,0.7274224187750851,good,
10753_right.jpeg,low_light,0.4624995855741959,0.00012186027741028901,0.8049894100541136,0.7228181917771681,good,
10753_right.jpeg,uneven_illumination,0.4142800535379605,0.0001611200716164762,0.6669788981185468,0.72309196467129,good,
10753_right.jpeg,fov_misalignment,0.2789830058795767,0.00031893650817654167,0.32534987995881626,0.6599318931628817,reject,Image is out of focus. Please refocus and ensure patient is still.; Uneven illumination detected. Check flash intensity and alignment.
10753_right.jpeg,jpeg_q25,0.4637005633310126,0.00019649787326231788,0.8057584970516329,0.7264259608545446,good,
11501_right.jpeg,baseline,0.43594304735185146,0.00022728726206733044,0.7303755716025481,0.7208827295445308,good,
11501_right.jpeg,defocus_blur,0.4360201028652486,3.747831453069647e-05,0.7303298346142755,0.7215586776977595,good,
11501_right.jpeg,low_light,0.4332769418662541,9.13788495230979e-05,0.7261505857323091,0.7163507412805467,good,
11501_right.jpeg,uneven_illumination,0.4357940692926729,0.00011306766831460065,0.7325906676341812,0.7173684342135345,good,
11501_right.jpeg,fov_misalignment,0.24596085767804682,0.000205077711388923,0.2341805301659429,0.655662564141645,reject,Image is out of focus. Please refocus and ensure patient is still.; Uneven illumination detected. Check flash intensity and alignment.
11501_right.jpeg,jpeg_q25,0.43559906826594785,0.00016402820605841223,0.7293854035426455,0.7209942629743942,good,
14360_right.jpeg,baseline,0.43188687151280025,0.00026607227931403345,0.878242626062276,0.4975820939171123,good,
14360_right.jpeg,defocus_blur,0.43252356248648205,1.735653048060768e-05,0.8782629032694386,0.5004984149199453,good,
14360_right.jpeg,low_light,0.4312771916971571,7.218556755159046e-05,0.8770317407006492,0.4971488328996371,good,
14360_right.jpeg,uneven_illumination,0.31359177507400304,9.613507330477615e-05,0.5407201784437369,0.49720503435749297,reject,Image is out of focus. Please refocus and ensure patient is still.; Uneven illumination detected. Check flash intensity and alignment.; Incomplete field of view. Ensure proper alignment with pupil.
14360_right.jpeg,fov_misalignment,0.1729773671165737,0.0002535757736789413,0.14220968226330713,0.4924101920597785,reject,Image is out of focus. Please refocus and ensure patient is still.; Uneven illumination detected. Check flash intensity and alignment.; Incomplete field of view. Ensure proper alignment with pupil.
14360_right.jpeg,jpeg_q25,0.43075241240805506,0.0001924683091763216,0.8749135337869035,0.4978227530358734,good,
27408_left.jpeg,baseline,0.43738908592810033,0.0005137614881931026,0.9192077432171885,0.46184348482722853,good,
27408_left.jpeg,defocus_blur,0.4376377137553455,2.0801552845397845e-05,0.9192098594847075,0.46362376925823895,good,
27408_left.jpeg,low_light,0.436424412484529,0.00012708085266693953,0.917259746295516,0.46133067576012654,good,
27408_left.jpeg,uneven_illumination,0.346753567979048,0.0001750749861115265,0.6609526634507698,0.461400423107336,usable,
27408_left.jpeg,fov_misalignment,0.1600830191360073,0.0005098029676578483,0.1285271679298085,0.45957835669404484,reject,Image is out of focus. Please refocus and ensure patient is still.; Uneven illumination detected. Check flash intensity and alignment.; Incomplete field of view. Ensure proper alignment with pupil.
27408_left.jpeg,jpeg_q25,0.4371884898211109,0.00020587487845754798,0.9189205777680227,0.4619357506036799,good,
30993_left.jpeg,baseline,0.43796412473466206,0.0004551635253485603,0.7108735846329798,0.755905218811919,good,
30993_left.jpeg,defocus_blur,0.43798444026505956,4.886913269921365e-05,0.7108697680830958,0.7566418951315856,good,
30993_left.jpeg,low_light,0.43490448760155087,0.00014613887172157478,0.7080405560485826,0.7481273497434334,good,
30993_left.jpeg,uneven_illumination,0.32599078753492283,0.00019710850737995528,0.3969764363745121,0.7478807656035665,reject,Image is out of focus. Please refocus and ensure patient is still.; Uneven illumination detected. Check flash intensity and alignment.
30993_left.jpeg,fov_misalignment,0.2404585888358721,0.0004039328913861989,0.20617354934058527,0.6725450936404511,reject,Image is out of focus. Please refocus and ensure patient is still.; Uneven illumination detected. Check flash intensity and alignment.
30993_left.jpeg,jpeg_q25,0.4377401050452103,0.00028648913853181304,0.7098884777619028,0.7566581686925266,good,
27639_left.jpeg,baseline,0.4326138757614961,0.00018447248145357067,0.8761550086679947,0.5035433349404662,good,
27639_left.jpeg,defocus_blur,0.43322320083124205,2.6702801550466208e-05,0.8760974320976682,0.5063136739057521,good,
27639_left.jpeg,low_light,0.431366777672448,5.9508068380036266e-05,0.8733724562138462,0.5026504590809995,good,
27639_left.jpeg,uneven_illumination,0.37039550818011524,7.84611597070269e-05,0.6990518891765083,0.5027838500178182,good,
27639_left.jpeg,fov_misalignment,0.1850919619746,0.00017501545452365235,0.17389311118799747,0.4966374675079658,reject,Image is out of focus. Please refocus and ensure patient is still.; Uneven illumination detected. Check flash intensity and alignment.; Incomplete field of view. Ensure proper alignment with pupil.
27639_left.jpeg,jpeg_q25,0.4324752841979071,0.00018631603396833063,0.8756633428070236,0.503674351207446,good,
15822_right.jpeg,baseline,0.5124444213533023,0.0004100671626765722,0.9431127716982914,0.7287636975753188,good,
15822_right.jpeg,defocus_blur,0.5124664270693059,4.7247952404016936e-05,0.9431077591006789,0.7294392488124269,good,
15822_right.jpeg,low_light,0.5090293377871675,0.0001344250421292608,0.9425006592823941,0.7164013480859117,good,
15822_right.jpeg,uneven_illumination,0.3689262073166811,0.00017797901872988864,0.5419993720765519,0.7166209419295839,good,
15822_right.jpeg,fov_misalignment,0.251121916819252,0.0003681479203273967,0.24618355326797825,0.6592416560293146,reject,Image is out of focus. Please refocus and ensure patient is still.; Uneven illumination detected. Check flash intensity and alignment.
15822_right.jpeg,jpeg_q25,0.5124963158543919,0.00021059897719519338,0.9429413319735295,0.7295304402911141,good,
25761_right.jpeg,baseline,0.4276516449089895,0.00023071999159157138,0.8881055714213122,0.4668896276595745,good,
25761_right.jpeg,defocus_blur,0.4281652728012807,4.0988768426041196e-05,0.8881245943199869,0.4692210771276596,good,
25761_right.jpeg,low_light,0.42627011200825365,8.325590424647749e-05,0.8854704819688809,0.4652885638297872,good,
25761_right.jpeg,uneven_illumination,0.31229287626013413,0.00010657940195825316,0.5596790562823398,0.46545029920212766,reject,Image is out of focus. Please refocus and ensure patient is still.; Uneven illumination detected. Check flash intensity and alignment.; Incomplete field of view. Ensure proper alignment with pupil.
25761_right.jpeg,fov_misalignment,0.16366619013543549,0.00023049104470704122,0.13411124914741498,0.4665402260638298,reject,Image is out of focus. Please refocus and ensure patient is still.; Uneven illumination detected. Check flash intensity and alignment.; Incomplete field of view. Ensure proper alignment with pupil.
25761_right.jpeg,jpeg_q25,0.4260544683242119,0.0002415457052470009,0.8834827012981348,0.4669556183510638,good,
132_right.jpeg,baseline,0.3775036920654561,0.0005892588423938419,0.7374048305490508,0.47670519134532335,good,
132_right.jpeg,defocus_blur,0.3780323549284714,3.064324367684362e-05,0.7373919383998501,0.4797316767642128,good,
132_right.jpeg,low_light,0.37645560852051607,0.00015327597618836934,0.735446110099519,0.47595263838083623,good,
132_right.jpeg,uneven_illumination,0.2865651004821984,0.00020681574400997427,0.47843022463824797,0.4761271822448306,reject,Image is out of focus. Please refocus and ensure patient is still.; Uneven illumination detected. Check flash intensity and alignment.; Incomplete field of view. Ensure proper alignment with pupil.
132_right.jpeg,fov_misalignment,0.1510114277209608,0.0005815193006301872,0.09310677225255294,0.4727657988492608,reject,Image is out of focus. Please refocus and ensure patient is still.; Uneven illumination detected. Check flash intensity and alignment.; Incomplete field of view. Ensure proper alignment with pupil.
132_right.jpeg,jpeg_q25,0.37735770075178815,0.00027920046374752216,0.7371759271951531,0.47693778419194227,good,
29607_right.jpeg,baseline,0.3970586950832947,0.00030195580581566877,0.7881964755463399,0.484276585278998,good,
29607_right.jpeg,defocus_blur,0.3975771157788177,1.909869135433255e-05,0.7882044589437869,0.4867916626878024,good,
29607_right.jpeg,low_light,0.39632561734692273,8.109637426427655e-05,0.7866629181160756,0.48384462982636234,good,
29607_right.jpeg,uneven_illumination,0.2939974029339347,0.000104897557635957,0.4942225405188636,0.4839102189171123,reject,Image is out of focus. Please refocus and ensure patient is still.; Uneven illumination detected. Check flash intensity and alignment.; Incomplete field of view. Ensure proper alignment with pupil.
29607_right.jpeg,fov_misalignment,0.16111108213501577,0.0002954960520013901,0.11733644036451263,0.47970051834654315,reject,Image is out of focus. Please refocus and ensure patient is still.; Uneven illumination detected. Check flash intensity and alignment.; Incomplete field of view. Ensure proper alignment with pupil.
29607_right.jpeg,jpeg_q25,0.39706506628016125,0.00021238642999304777,0.7882034509444624,0.4844356155104087,good,
24718_right.jpeg,baseline,0.4172792102054915,0.000789323154157008,0.7398081479594535,0.6321225166320801,good,
24718_right.jpeg,defocus_blur,0.4173145529782917,5.2674370931878045e-05,0.73983468956165,0.6334053675333658,good,
24718_right.jpeg,low_light,0.41515299286897345,0.0002303767132575828,0.7363967786159998,0.6292878786722819,good,
24718_right.jpeg,uneven_illumination,0.3424962653310404,0.00030491094092961773,0.5287873631373157,0.6291948954264323,usable,
24718_right.jpeg,fov_misalignment,0.20794767716308907,0.0007365700737015849,0.16728788189203878,0.5964091618855795,reject,Image is out of focus. Please refocus and ensure patient is still.; Uneven illumination detected. Check flash intensity and alignment.
24718_right.jpeg,jpeg_q25,0.4171322165522413,0.00024932354679378606,0.7399359400481866,0.6322196324666342,good,
29222_right.jpeg,baseline,0.46045480546869266,0.0018949324722920976,0.7638126509292279,0.7694496186181842,good,
29222_right.jpeg,defocus_blur,0.4603308707082896,6.278473543487957e-05,0.763820593579719,0.771874196244856,good,
29222_right.jpeg,low_light,0.45509998651794403,0.0004599065388331105,0.7621022380525782,0.7527209623360339,good,
29222_right.jpeg,uneven_illumination,0.3900003179295521,0.0006648130879152568,0.574577436100656,0.7545291602366255,good,
29222_right.jpeg,fov_misalignment,0.2934987555136826,0.001678671022717356,0.3469614805205433,0.6855630756896219,reject,Image is out of focus. Please refocus and ensure patient is still.; Uneven illumination detected. Check flash intensity and alignment.
29222_right.jpeg,jpeg_q25,0.46064922111240636,0.000382888114476018,0.7635194040755183,0.7730570977607382,good,
14704_right.jpeg,baseline,0.5271592456465293,0.00025328866516294854,0.9753016836878303,0.742809363558894,good,
14704_right.jpeg,defocus_blur,0.5272902736692316,3.5633688675923684e-05,0.9753138190023026,0.7436647341718218,good,
14704_right.jpeg,low_light,0.5261528536780289,9.305420481986045e-05,0.9750331821940589,0.7394160729127215,good,
14704_right.jpeg,uneven_illumination,0.36890786327332104,0.00012028378718383003,0.525669780835451,0.7395013058641585,good,
14704_right.jpeg,fov_misalignment,0.2731262414176582,0.0002229190044549881,0.3044501657091957,0.6659180632706309,reject,Image is out of focus. Please refocus and ensure patient is still.; Uneven illumination detected. Check flash intensity and alignment.
14704_right.jpeg,jpeg_q25,0.5271206428223519,0.00015679717714845194,0.9753751101821642,0.7427065415509405,good,
25213_right.jpeg,baseline,0.41850414906088074,0.0001386585426982786,0.8682751149740253,0.45820958161157027,good,
25213_right.jpeg,defocus_blur,0.41888488733538654,1.424729204650237e-05,0.868263952251826,0.4599472205217155,good,
25213_right.jpeg,low_light,0.4172163548515756,4.8170440488519176e-05,0.865103984665433,0.4576427681699146,good,
25213_right.jpeg,uneven_illumination,0.3304294449491896,6.113342284319725e-05,0.6170580563866931,0.4577386873788389,reject,Image is out of focus. Please refocus and ensure patient is still.; Incomplete field of view. Ensure proper alignment with pupil.
25213_right.jpeg,fov_misalignment,0.14830213716323185,0.00013791080521940178,0.09724402707128127,0.4568462534647825,reject,Image is out of focus. Please refocus and ensure patient is still.; Uneven illumination detected. Check flash intensity and alignment.; Incomplete field of view. Ensure proper alignment with pupil.
25213_right.jpeg,jpeg_q25,0.41835064820567497,6.627583296608891e-05,0.8678320562912463,0.4583316726822093,good,
3179_left.jpeg,baseline,0.40651110429512116,0.009949590584351953,0.8583850553098182,0.40838599481177607,good,
3179_left.jpeg,defocus_blur,0.4043249262322307,0.00014728771901129353,0.858233430882571,0.41553724134290543,good,
3179_left.jpeg,low_light,0.40340978302858976,0.0021540024906472667,0.8592103756494616,0.40729820222007723,good,
3179_left.jpeg,uneven_illumination,0.3018932842269689,0.003362230295433605,0.5676400002965379,0.40749756802002896,reject,Image is out of focus. Please refocus and ensure patient is still.; Uneven illumination detected. Check flash intensity and alignment.; Incomplete field of view. Ensure proper alignment with pupil.
3179_left.jpeg,fov_misalignment,0.12142136012580051,0.009435271265759267,0.050065954171225044,0.4004966706382722,reject,Image is out of focus. Please refocus and ensure patient is still.; Uneven illumination detected. Check flash intensity and alignment.; Incomplete field of view. Ensure proper alignment with pupil.
3179_left.jpeg,jpeg_q25,0.4052358855385387,0.005483787702132586,0.8592696715486413,0.4091919416626448,good,
31923_left.jpeg,baseline,0.47968219554554725,0.0033047539437007904,0.8914289879298978,0.665440592770411,good,
31923_left.jpeg,defocus_blur,0.47964547991900797,0.00010285183514946798,0.8914260421052009,0.6704208977925113,good,
31923_left.jpeg,low_light,0.4781305673402529,0.0007710684968822115,0.8902934243246232,0.6648777657115277,good,
31923_left.jpeg,uneven_illumination,0.36555219313559534,0.0011503680461620658,0.5681718607027646,0.6649275786846517,usable,
31923_left.jpeg,fov_misalignment,0.2660828112692561,0.0026595384416647767,0.3183953029487161,0.6143225594421582,reject,Image is out of focus. Please refocus and ensure patient is still.; Uneven illumination detected. Check flash intensity and alignment.
31923_left.jpeg,jpeg_q25,0.47947100102963236,0.0027729724061622153,0.8911705101818186,0.6658085340141239,good,
29487_right.jpeg,baseline,0.48825796838482455,0.011913557135064652,0.8218224282650797,0.7834187825520833,good,
29487_right.jpeg,defocus_blur,0.48480632872579077,0.00010833038637459024,0.8218113959885158,0.7885160319010417,good,
29487_right.jpeg,low_light,0.4838585862846363,0.0025053514357055405,0.820444598653467,0.7828033447265625,good,
29487_right.jpeg,uneven_illumination,0.4067933230801305,0.002369642462738217,0.6003508852715292,0.782890625,good,
29487_right.jpeg,fov_misalignment,0.35187086179708926,0.010112256920522956,0.5014995197514133,0.6892045084635416,usable,
29487_right.jpeg,jpeg_q25,0.48629405055602326,0.006729795821382124,0.8216003129211208,0.7841680908203125,good,
37411_right.jpeg,baseline,0.41507168113911347,0.0005427458376077119,0.844733566779564,0.476791337724892,good,
37411_right.jpeg,defocus_blur,0.4154247354547091,1.8577706680252468e-05,0.844732598773425,0.4790435792053532,good,
37411_right.jpeg,low_light,0.41416326138850396,0.00013355610468317736,0.8429385691193106,0.4763253590194878,good,
37411_right.jpeg,uneven_illumination,0.3131559865133092,0.0001857696892372056,0.554240706209573,0.4763897258570554,reject,Image is out of focus. Please refocus and ensure patient is still.; Uneven illumination detected. Check flash intensity and alignment.; Incomplete field of view. Ensure proper alignment with pupil.
37411_right.jpeg,fov_misalignment,0.1569531033635838,0.0005367581402436538,0.10921467396892653,0.4740530568734483,reject,Image is out of focus. Please refocus and ensure patient is still.; Uneven illumination detected. Check flash intensity and alignment.; Incomplete field of view. Ensure proper alignment with pupil.
37411_right.jpeg,jpeg_q25,0.4150199816163893,0.00013309603053204675,0.844983993035322,0.47688938256725505,good,
17090_right.jpeg,baseline,0.41710524936516125,0.003566424940360477,0.7122872032212748,0.6655126330462836,good,
17090_right.jpeg,defocus_blur,0.4169780258269326,0.00010607857927430498,0.7121967084240457,0.6706669857872276,good,
17090_right.jpeg,low_light,0.41499840561642126,0.0008252214147922779,0.7097588122371847,0.6650109310699589,good,
17090_right.jpeg,uneven_illumination,0.34276461193060004,0.0011643154589077813,0.5029637759881883,0.6650462566046842,usable,
17090_right.jpeg,fov_misalignment,0.2440354345967781,0.0029290976502096824,0.2550425643846035,0.614395592008332,reject,Image is out of focus. Please refocus and ensure patient is still.; Uneven illumination detected. Check flash intensity and alignment.
17090_right.jpeg,jpeg_q25,0.4167813219618813,0.0031511378629194113,0.7115529403986576,0.6659093507087335,good,
10077_right.jpeg,baseline,0.4186889894874596,0.0002791015434481445,0.8404381031454576,0.4976960510766807,good,
10077_right.jpeg,defocus_blur,0.4193135696520939,1.5536316282236006e-05,0.840459444206683,0.5005861986129679,good,
10077_right.jpeg,low_light,0.4181092188753173,7.49475757276927e-05,0.8393730766939818,0.4971946520085307,good,
10077_right.jpeg,uneven_illumination,0.3059832907863782,9.977000942518993e-05,0.5189421941559276,0.49725445931213397,reject,Image is out of focus. Please refocus and ensure patient is still.; Uneven illumination detected. Check flash intensity and alignment.; Incomplete field of view. Ensure proper alignment with pupil.
10077_right.jpeg,fov_misalignment,0.17059427163548047,0.00026608460501738145,0.13558588510072336,0.49213111203288135,reject,Image is out of focus. Please refocus and ensure patient is still.; Uneven illumination detected. Check flash intensity and alignment.; Incomplete field of view. Ensure proper alignment with pupil.
10077_right.jpeg,jpeg_q25,0.4189135446627841,0.0001766588748629632,0.8410225581633515,0.4979399430226636,good,
14818_left.jpeg,baseline,0.4236184022412284,0.00025465024423606956,0.854504300343434,0.49776014809332825,good,
14818_left.jpeg,defocus_blur,0.42425189605885943,2.0699237690020782e-05,0.8545240584270863,0.5006407836572129,good,
14818_left.jpeg,low_light,0.42309374912568626,7.068917154953701e-05,0.8535521374801922,0.49728890135599696,good,
14818_left.jpeg,uneven_illumination,0.34613759618660167,9.743006007425009e-05,0.6336066654762006,0.4973451649836071,usable,
14818_left.jpeg,fov_misalignment,0.17356065419629646,0.00024302118393831272,0.14378636517504792,0.4925528716458174,reject,Image is out of focus. Please refocus and ensure patient is still.; Uneven illumination detected. Check flash intensity and alignment.; Incomplete field of view. Ensure proper alignment with pupil.
14818_left.jpeg,jpeg_q25,0.4241333860042069,0.00023146032493725547,0.85582016112919,0.49801498191606186,good,
21613_right.jpeg,baseline,0.4136082846288226,0.0014889129601432206,0.7197349844073297,0.6444218996087995,good,
21613_right.jpeg,defocus_blur,0.41399325704390233,9.161598998655412e-05,0.7197034433550734,0.6482416218945283,good,
21613_right.jpeg,low_light,0.41189328016109217,0.0003958991784893073,0.7165247071437566,0.6438050919575268,good,
21613_right.jpeg,uneven_illumination,0.35066383608614365,0.000510996994923169,0.5413985978317963,0.6438797121881827,usable,
21613_right.jpeg,fov_misalignment,0.21454277301560093,0.0013633070064455854,0.18311590495684105,0.5996275339125133,reject,Image is out of focus. Please refocus and ensure patient is still.; Uneven illumination detected. Check flash intensity and alignment.
21613_right.jpeg,jpeg_q25,0.41405879533580014,0.0012875899159180651,0.7210316693765538,0.6447307003505564,good,
2477_right.jpeg,baseline,0.4135275439435311,0.0003215904836419744,0.8546526888243119,0.4570818666462606,good,
2477_right.jpeg,defocus_blur,0.41401909287611877,2.1256422547755142e-05,0.8545311718149171,0.4596987206875149,good,
2477_right.jpeg,low_light,0.41207635161962375,8.924795642236399e-05,0.8511720813850844,0.4565216958091011,good,
2477_right.jpeg,uneven_illumination,0.3052764770789147,0.00011449413496702312,0.5459361543167273,0.45661210165629357,reject,Image is out of focus. Please refocus and ensure patient is still.; Uneven illumination detected. Check flash intensity and alignment.; Incomplete field of view. Ensure proper alignment with pupil.
2477_right.jpeg,fov_misalignment,0.15155410179863527,0.0003147996881310652,0.10695318811304244,0.4559782643352719,reject,Image is out of focus. Please refocus and ensure patient is still.; Uneven illumination detected. Check flash intensity and alignment.; Incomplete field of view. Ensure proper alignment with pupil.
2477_right.jpeg,jpeg_q25,0.4125248839892616,0.00016969298161254254,0.8519324581247462,0.4571225858118219,good,
32701_left.jpeg,baseline,0.49393140823776327,0.0019943807809505803,0.8611325447774852,0.7669490610130529,good,
32701_left.jpeg,defocus_blur,0.4931666766432903,7.217488136031476e-05,0.8611147118132686,0.7669906302244084,good,
32701_left.jpeg,low_light,0.48973487263837845,0.00048158964118079134,0.86016745722203,0.7539345070167824,good,
32701_left.jpeg,uneven_illumination,0.3509237140292673,0.0006776375539197772,0.4624616128977883,0.755164377973894,usable,
32701_left.jpeg,fov_misalignment,0.27874362437777905,0.0017806536121009354,0.30519792156186853,0.6848483615451388,reject,Image is out of focus. Please refocus and ensure patient is still.; Uneven illumination detected. Check flash intensity and alignment.
32701_left.jpeg,jpeg_q25,0.49400902889384124,0.0006903460087031475,0.8614052400701477,0.768964225863233,good,
10033_right.jpeg,baseline,0.37427865609688094,0.0002549024578985936,0.7368817560244099,0.4650723220207122,good,
10033_right.jpeg,defocus_blur,0.3746345293392952,1.8155499912835e-05,0.7368823372837536,0.4668737963600653,good,
10033_right.jpeg,low_light,0.37284098298091156,7.375755344627296e-05,0.7333323452873031,0.4645806364359079,good,
10033_right.jpeg,uneven_illumination,0.28425365200793407,9.816689016738427e-05,0.4801545646032863,0.46464115056286776,reject,Image is out of focus. Please refocus and ensure patient is still.; Uneven illumination detected. Check flash intensity and alignment.; Incomplete field of view. Ensure proper alignment with pupil.
10033_right.jpeg,fov_misalignment,0.14499365067966977,0.0002529676296119033,0.08306103994054917,0.4632843985945312,reject,Image is out of focus. Please refocus and ensure patient is still.; Uneven illumination detected. Check flash intensity and alignment.; Incomplete field of view. Ensure proper alignment with pupil.
10033_right.jpeg,jpeg_q25,0.37370957474794453,0.000119549651315052,0.7353295533544697,0.4651856448534163,good,
2393_left.jpeg,baseline,0.4302784808203103,0.0036827502331275483,0.6657110057138449,0.7832261149088542,good,
2393_left.jpeg,defocus_blur,0.4299118688207273,8.973806268354397e-05,0.6657172127379546,0.7874997965494792,good,
2393_left.jpeg,low_light,0.4278474098739422,0.000830836386663156,0.6623423829341691,0.7827809651692709,good,
2393_left.jpeg,uneven_illumination,0.4726105820915375,0.001086659749372702,0.7899022118537706,0.782840576171875,good,
2393_left.jpeg,fov_misalignment,0.30732493634441194,0.002676288823018223,0.3828056577793049,0.6890897623697917,reject,Image is out of focus. Please refocus and ensure patient is still.; Uneven illumination detected. Check flash intensity and alignment.
2393_left.jpeg,jpeg_q25,0.42891468972218594,0.001717389415648776,0.663614739083525,0.7838503011067708,good,
11843_left.jpeg,baseline,0.3944477458846717,0.00023892390128982287,0.7928086734261593,0.4674765625,good,
11843_left.jpeg,defocus_blur,0.3950368482539939,3.7453205459201e-05,0.7928059943495488,0.47015907579787236,good,
11843_left.jpeg,low_light,0.3936895200720138,8.366834054224196e-05,0.7918244506357115,0.4660699800531915,good,
11843_left.jpeg,uneven_illumination,0.3583199118110701,0.00010311835769508262,0.6906091828644758,0.46626180186170213,usable,
11843_left.jpeg,fov_misalignment,0.16879541339263476,0.0002384167735313073,0.14841231993078696,0.46702293882978724,reject,Image is out of focus. Please refocus and ensure patient is still.; Uneven illumination detected. Check flash intensity and alignment.; Incomplete field of view. Ensure proper alignment with pupil.
11843_left.jpeg,jpeg_q25,0.39393146222311154,0.00025384499380198903,0.7912483729773718,0.46757197473404255,good,
2165_left.jpeg,baseline,0.407193601056053,0.00032745667671513635,0.807665566266933,0.4975186807677616,good,
2165_left.jpeg,defocus_blur,0.4077711490025896,1.9857481602564994e-05,0.8076795449295441,0.5003014611384327,good,
2165_left.jpeg,low_light,0.4063858333300219,8.631867487068142e-05,0.8059803740297321,0.4970326997986695,good,
2165_left.jpeg,uneven_illumination,0.36235737725009665,0.00012270692649313093,0.680099502200808,0.49709387483686657,usable,
2165_left.jpeg,fov_misalignment,0.1757611540543988,0.00031696367501271106,0.15013456796159946,0.49234907919133564,reject,Image is out of focus. Please refocus and ensure patient is still.; Uneven illumination detected. Check flash intensity and alignment.; Incomplete field of view. Ensure proper alignment with pupil.
2165_left.jpeg,jpeg_q25,0.40702260521056866,0.00021091405931798944,0.8071437609575842,0.49775169300674815,good,
18936_left.jpeg,baseline,0.41232562762829256,0.00032545122670452195,0.8224683640581396,0.4973260788690476,good,
18936_left.jpeg,defocus_blur,0.4128676856875322,1.9263107922067118e-05,0.8224915911975126,0.4999516941009358,good,
18936_left.jpeg,low_light,0.4116495875708176,8.647737885262242e-05,0.821124690590208,0.4968854196508149,good,
18936_left.jpeg,uneven_illumination,0.34968743836599536,0.00011964670819728831,0.6440077970250346,0.4969474028958174,usable,
18936_left.jpeg,fov_misalignment,0.17052834324175198,0.00031625784598163627,0.1358056068392936,0.4914795108384263,reject,Image is out of focus. Please refocus and ensure patient is still.; Uneven illumination detected. Check flash intensity and alignment.; Incomplete field of view. Ensure proper alignment with pupil.
18936_left.jpeg,jpeg_q25,0.4116616468464793,0.00022263730961410706,0.8205705663825948,0.49749157475490197,good,
32853_right.jpeg,baseline,0.3809508074236094,0.000987245089394359,0.7482070918404692,0.47473370897474976,good,
32853_right.jpeg,defocus_blur,0.3812467994480627,3.0096192439106843e-05,0.748213544529929,0.4774400815424478,good,
32853_right.jpeg,low_light,0.3794396184868861,0.00023569623092842683,0.7451072477227679,0.474231213166184,good,
32853_right.jpeg,uneven_illumination,0.3019906094684121,0.0003334650004880356,0.5236817971989843,0.4742743777942895,reject,Image is out of focus. Please refocus and ensure patient is still.; Uneven illumination detected. Check flash intensity and alignment.; Incomplete field of view. Ensure proper alignment with pupil.
32853_right.jpeg,fov_misalignment,0.1514493271969926,0.0009733555353924574,0.09449342571430806,0.47194914393131127,reject,Image is out of focus. Please refocus and ensure patient is still.; Uneven illumination detected. Check flash intensity and alignment.; Incomplete field of view. Ensure proper alignment with pupil.
32853_right.jpeg,jpeg_q25,0.3802343860901918,0.00029739528245971506,0.7468261674278939,0.47490507750978,good,
19772_right.jpeg,baseline,0.5057746989499267,0.0008534422346779477,0.9032868097620932,0.7571317545572916,good,
19772_right.jpeg,defocus_blur,0.5062044076685381,7.505249232053337e-05,0.9032658722611475,0.7601253255208333,good,
19772_right.jpeg,low_light,0.5045386676094201,0.0002502504735451415,0.9007464870389195,0.7567091878255209,good,
19772_right.jpeg,uneven_illumination,0.373843921810301,0.0003198416902265872,0.5273416051267619,0.756585693359375,good,
19772_right.jpeg,fov_misalignment,0.27836705667568945,0.0006755792846140678,0.3132537923481996,0.6738319905598958,reject,Image is out of focus. Please refocus and ensure patient is still.; Uneven illumination detected. Check flash intensity and alignment.
19772_right.jpeg,jpeg_q25,0.5033748854926815,0.0007288676787578905,0.8962338256881137,0.7576059977213542,good,
15172_left.jpeg,baseline,0.41930319343428113,0.0017709937350687984,0.6550561180510223,0.7573006184895833,good,
15172_left.jpeg,defocus_blur,0.4195049314895454,0.00011017165250044585,0.6550918044171233,0.7607149251302083,good,
15172_left.jpeg,low_light,0.41692109861740767,0.00045570422763527144,0.6501375517092245,0.7567626953125,good,
15172_left.jpeg,uneven_illumination,0.479313589948708,0.000485879265306317,0.8283270727596936,0.7568190511067708,good,
15172_left.jpeg,fov_misalignment,0.30115659995994093,0.0015587781656474019,0.37723983767391284,0.67399658203125,reject,Image is out of focus. Please refocus and ensure patient is still.; Uneven illumination detected. Check flash intensity and alignment.
15172_left.jpeg,jpeg_q25,0.4190974951405023,0.001316822754468641,0.6546293882728165,0.7578019205729166,good,
2651_right.jpeg,baseline,0.4039659045147827,0.0014721798729825735,0.7054628664494381,0.6258601172331454,good,
2651_right.jpeg,defocus_blur,0.4044054472287454,7.895009256360456e-05,0.7054443804566122,0.6298733361276229,good,
2651_right.jpeg,low_light,0.40214262227022923,0.0003896637563969349,0.7019047184511011,0.6252804212391404,good,
2651_right.jpeg,uneven_illumination,0.33115440750255926,0.0005649330380335558,0.4988842003183063,0.6252758567037545,reject,Image is out of focus. Please refocus and ensure patient is still.; Uneven illumination detected. Check flash intensity and alignment.
2651_right.jpeg,fov_misalignment,0.20212772748227786,0.0012950644624729795,0.15741758103551762,0.58605419333943,reject,Image is out of focus. Please refocus and ensure patient is still.; Uneven illumination detected. Check flash intensity and alignment.
2651_right.jpeg,jpeg_q25,0.40456496124977626,0.0012570529680926438,0.7072069740259483,0.6261587966138292,good,
17192_right.jpeg,baseline,0.493422092174541,0.0005310756050209804,0.8772290773091775,0.7447179394972819,good,
17192_right.jpeg,defocus_blur,0.49337199696328304,4.825800108550801e-05,0.8772445800885686,0.7452683629273993,good,
17192_right.jpeg,low_light,0.4917816949604227,0.00016139101496718107,0.8760378478633791,0.7404155672090128,good,
17192_right.jpeg,uneven_illumination,0.40441962242877544,0.00021670993863177583,0.6262733739705404,0.7405490302545343,good,
17192_right.jpeg,fov_misalignment,0.2657647152077788,0.00047710685331204953,0.2818108005922026,0.6677603690367322,reject,Image is out of focus. Please refocus and ensure patient is still.; Uneven illumination detected. Check flash intensity and alignment.
17192_right.jpeg,jpeg_q25,0.4932161920423216,0.0002768680139280009,0.8768620664909179,0.7448148862597165,good,
6003_left.jpeg,baseline,0.3721920776648139,0.0003288953477361904,0.740086031080014,0.4521216345908581,good,
6003_left.jpeg,defocus_blur,0.37236501386561954,1.5952312695550848e-05,0.7400762853378166,0.4533277322892222,good,
6003_left.jpeg,low_light,0.37076640238014696,8.834572254490488e-05,0.7367842640087956,0.45142628675220214,good,
6003_left.jpeg,uneven_illumination,0.380799622174875,0.00011507318559753294,0.7655887353144141,0.45119014216236436,good,
6003_left.jpeg,fov_misalignment,0.145267833570544,0.00032845715255565413,0.09250759474186968,0.4510351701994694,reject,Image is out of focus. Please refocus and ensure patient is still.; Uneven illumination detected. Check flash intensity and alignment.; Incomplete field of view. Ensure proper alignment with pupil.
6003_left.jpeg,jpeg_q25,0.3721810525688234,0.00010583261295101999,0.7402428438118485,0.4522148967579839,good,
29947_right.jpeg,baseline,0.5010390980799821,0.0007487250226587962,0.9234691546555283,0.7101016157659348,good,
29947_right.jpeg,defocus_blur,0.5007653462532304,5.2063902630272276e-05,0.9234730680943188,0.7101157874366673,good,
29947_right.jpeg,low_light,0.4983079605784899,0.00021605003768861982,0.9227745337874623,0.7010018149512104,good,
29947_right.jpeg,uneven_illumination,0.38082328267998344,0.0002910884671759432,0.5857374065680595,0.702795019977169,good,
29947_right.jpeg,fov_misalignment,0.2630979010048209,0.0006735505552840155,0.28737705838415867,0.6489860413930069,reject,Image is out of focus. Please refocus and ensure patient is still.; Uneven illumination detected. Check flash intensity and alignment.
29947_right.jpeg,jpeg_q25,0.5004984780190115,0.000274002512637966,0.9230533926187117,0.7092807583896291,good,
18424_left.jpeg,baseline,0.404748333715484,0.00048441841348969194,0.8153394424358196,0.47674304599020506,good,
18424_left.jpeg,defocus_blur,0.40507518504466733,1.8116719158295863e-05,0.815330517562444,0.4788090288405945,good,
18424_left.jpeg,low_light,0.4040412847693252,0.00012146776093656135,0.8140719746684054,0.47627002612403496,good,
18424_left.jpeg,uneven_illumination,0.38290460732034437,0.00016588663886161445,0.7535790807130327,0.476342297660953,good,
18424_left.jpeg,fov_misalignment,0.15907794785015086,0.00048060985786591747,0.11538104792296734,0.4740093485358637,reject,Image is out of focus. Please refocus and ensure patient is still.; Uneven illumination detected. Check flash intensity and alignment.; Incomplete field of view. Ensure proper alignment with pupil.
18424_left.jpeg,jpeg_q25,0.40454854836133536,0.00012662234933713282,0.8150983001436511,0.4768539774852906,good,
32179_right.jpeg,baseline,0.39493028966012894,0.0004587847362694906,0.7914877428559584,0.4709042630641431,good,
32179_right.jpeg,defocus_blur,0.39534910515269817,2.0232491933871058e-05,0.7914822549796329,0.4732888916522124,good,
32179_right.jpeg,low_light,0.39378770187810874,0.00011637315717219207,0.7889695810651874,0.47040719696969696,good,
32179_right.jpeg,uneven_illumination,0.3144047434969055,0.0001594018361634786,0.5620618486975602,0.4704773428731762,reject,Image is out of focus. Please refocus and ensure patient is still.; Uneven illumination detected. Check flash intensity and alignment.; Incomplete field of view. Ensure proper alignment with pupil.
32179_right.jpeg,fov_misalignment,0.15261816340296547,0.00045405684425338757,0.10103138616438659,0.4683022220309152,reject,Image is out of focus. Please refocus and ensure patient is still.; Uneven illumination detected. Check flash intensity and alignment.; Incomplete field of view. Ensure proper alignment with pupil.
32179_right.jpeg,jpeg_q25,0.39483280564113776,0.0001657167430631419,0.7914892081081726,0.4709811844242084,good,
2799_left.jpeg,baseline,0.4099362843409414,0.0032049896326095477,0.6830055170425949,0.6784094300919575,good,
2799_left.jpeg,defocus_blur,0.40994532769197517,0.00010336839682810159,0.682949244120995,0.6834869795635828,good,
2799_left.jpeg,low_light,0.40795258676264945,0.0007494997053223162,0.6804813208253369,0.6779372983666108,good,
2799_left.jpeg,uneven_illumination,0.32380272436316015,0.0012477719286785789,0.4394902093363685,0.6779281692958391,reject,Image is out of focus. Please refocus and ensure patient is still.; Uneven illumination detected. Check flash intensity and alignment.
2799_left.jpeg,fov_misalignment,0.23458153573984897,0.0023775544007430564,0.22239105225459496,0.6231745827617741,reject,Image is out of focus. Please refocus and ensure patient is still.; Uneven illumination detected. Check flash intensity and alignment.
2799_left.jpeg,jpeg_q25,0.40946010422310575,0.0023785264442520585,0.6823054532406507,0.6788071400447087,good,
36063_left.jpeg,baseline,0.3875181097373056,0.0004995306235842098,0.7661182018694302,0.47670770733428564,good,
36063_left.jpeg,defocus_blur,0.3878368340305973,1.8402260058112832e-05,0.7661174255994925,0.4787534966670068,good,
36063_left.jpeg,low_light,0.3864708127714175,0.00012475613859318514,0.7638894528123481,0.47623840732663336,good,
36063_left.jpeg,uneven_illumination,0.40755622444701267,0.00016852655853114286,0.8240345922438981,0.47630682615294356,good,
36063_left.jpeg,fov_misalignment,0.1634331399581588,0.0004961661074025067,0.12777725812646532,0.47405053268373976,reject,Image is out of focus. Please refocus and ensure patient is still.; Uneven illumination detected. Check flash intensity and alignment.; Incomplete field of view. Ensure proper alignment with pupil.
36063_left.jpeg,jpeg_q25,0.387179193273416,0.00013839937041709014,0.7654907080775675,0.47680834279240214,good,
21815_right.jpeg,baseline,0.3814828855119742,0.002526247601928977,0.6186625387535555,0.6557619916298328,good,
21815_right.jpeg,defocus_blur,0.38164481508834636,0.00010344525835140338,0.6186211129692583,0.6603441897830615,good,
21815_right.jpeg,low_light,0.3792328319798135,0.0006115165024075281,0.6148147419374825,0.6552122628029264,good,
21815_right.jpeg,uneven_illumination,0.3256870693059346,0.0009525048526397284,0.4614465034918325,0.6551991645709495,reject,Image is out of focus. Please refocus and ensure patient is still.; Uneven illumination detected. Check flash intensity and alignment.
21815_right.jpeg,fov_misalignment,0.21896772910142925,0.002014364428622633,0.1892978448238873,0.6076309505664786,reject,Image is out of focus. Please refocus and ensure patient is still.; Uneven illumination detected. Check flash intensity and alignment.
21815_right.jpeg,jpeg_q25,0.3815274360905715,0.002505629546186054,0.6185733971161026,0.6560979811258446,good,
33477_right.jpeg,baseline,0.38809625267237435,0.000493379909430881,0.7677309495603001,0.47677227344998807,good,
33477_right.jpeg,defocus_blur,0.38850567242768275,1.757541236510522e-05,0.7677390556006188,0.4791598912100806,good,
33477_right.jpeg,low_light,0.3870217094410736,0.0001229823459746012,0.7653794013132443,0.4763589041721933,good,
33477_right.jpeg,uneven_illumination,0.29808790412300046,0.00017531814572253375,0.5111899316666532,0.4764052031255314,reject,Image is out of focus. Please refocus and ensure patient is still.; Uneven illumination detected. Check flash intensity and alignment.; Incomplete field of view. Ensure proper alignment with pupil.
33477_right.jpeg,fov_misalignment,0.15582663366948626,0.00048242169876575237,0.10603660455994587,0.47408341357599565,reject,Image is out of focus. Please refocus and ensure patient is still.; Uneven illumination detected. Check flash intensity and alignment.; Incomplete field of view. Ensure proper alignment with pupil.
33477_right.jpeg,jpeg_q25,0.38774222315657203,0.00014174666269819983,0.7670569174092646,0.4768624135930007,good,
32395_right.jpeg,baseline,0.5017890479750857,0.0021302554122269537,0.8718285121641731,0.7831878662109375,good,
32395_right.jpeg,defocus_blur,0.50193249231461,8.41028988332895e-05,0.8718553717898027,0.7869978841145834,good,
32395_right.jpeg,low_light,0.5004255279893399,0.0005176779293946547,0.870080716930443,0.7827608235677084,good,
32395_right.jpeg,uneven_illumination,0.381732264061227,0.0006773339374208095,0.5307329343413195,0.7828192138671874,good,
32395_right.jpeg,fov_misalignment,0.28297873531226836,0.001524633146616094,0.3145746309232949,0.689071044921875,reject,Image is out of focus. Please refocus and ensure patient is still.; Uneven illumination detected. Check flash intensity and alignment.
32395_right.jpeg,jpeg_q25,0.5013686051226736,0.001168819309466909,0.8713467410894535,0.7837188720703125,good,
12943_right.jpeg,baseline,0.38315231478015516,0.0009071929776493402,0.7547205047190708,0.4745490437496825,good,
12943_right.jpeg,defocus_blur,0.38361462735677715,2.653515310959056e-05,0.7547146349926306,0.47781556419245036,good,
12943_right.jpeg,low_light,0.38166057377208146,0.00021896671906432007,0.7515979745622898,0.4740547839506173,good,
12943_right.jpeg,uneven_illumination,0.30521369504655954,0.00031991897757560205,0.5330259487984096,0.47410658150434387,reject,Image is out of focus. Please refocus and ensure patient is still.; Uneven illumination detected. Check flash intensity and alignment.; Incomplete field of view. Ensure proper alignment with pupil.
12943_right.jpeg,fov_misalignment,0.15402565563866305,0.0008594431688992703,0.1025344911413296,0.47117922588655187,reject,Image is out of focus. Please refocus and ensure patient is still.; Uneven illumination detected. Check flash intensity and alignment.; Incomplete field of view. Ensure proper alignment with pupil.
12943_right.jpeg,jpeg_q25,0.3827486095039161,0.00034622784563411753,0.7540491141209722,0.47477171369328863,good,
2075_right.jpeg,baseline,0.46167961591029394,0.000523371229527908,0.7839433078133774,0.748360438735203,good,
2075_right.jpeg,defocus_blur,0.46160204143223743,4.9675375655984985e-05,0.7839466342872915,0.7488033971256922,good,
2075_right.jpeg,low_light,0.45858458376960154,0.0001599902560983739,0.7821364249047771,0.7390913558019611,good,
2075_right.jpeg,uneven_illumination,0.4114376378564143,0.00021351415144684887,0.6472435323626816,0.7392679834755881,good,
2075_right.jpeg,fov_misalignment,0.27334919183840023,0.00046752457329074943,0.30066642187835024,0.6717157374066454,reject,Image is out of focus. Please refocus and ensure patient is still.; Uneven illumination detected. Check flash intensity and alignment.
2075_right.jpeg,jpeg_q25,0.46132152114275915,0.0002967544737523272,0.7827083996140878,0.74901951795331,good,
24833_right.jpeg,baseline,0.5001265651666478,0.0005315884600892265,0.8896065020401803,0.754206616274196,good,
24833_right.jpeg,defocus_blur,0.5001229330936808,4.954798785472603e-05,0.8896167197975329,0.7549490478776101,good,
24833_right.jpeg,low_light,0.49834428044070056,0.0001626934230562342,0.8880997719196991,0.7497771315983336,good,
24833_right.jpeg,uneven_illumination,0.3813664419722683,0.00021911010222365972,0.555711293192941,0.747119381255398,good,
24833_right.jpeg,fov_misalignment,0.25915970281311174,0.0004752630613153876,0.2608376466038321,0.6707056851089773,reject,Image is out of focus. Please refocus and ensure patient is still.; Uneven illumination detected. Check flash intensity and alignment.
24833_right.jpeg,jpeg_q25,0.5002645899126135,0.0003258972146293103,0.8901513768570776,0.7543249965071381,good,
19085_right.jpeg,baseline,0.40875784157044276,0.0002237259321205551,0.8119350651600304,0.49796431356633564,good,
19085_right.jpeg,defocus_blur,0.40941462055923433,1.6488000995453217e-05,0.811952100199575,0.5008991611559397,good,
19085_right.jpeg,low_light,0.4080138982688101,6.13203801084679e-05,0.8103872771433204,0.4974152924664184,good,
19085_right.jpeg,uneven_illumination,0.2997184002005236,8.50259298466478e-05,0.5008925645751323,0.4974879689091546,reject,Image is out of focus. Please refocus and ensure patient is still.; Uneven illumination detected. Check flash intensity and alignment.; Incomplete field of view. Ensure proper alignment with pupil.
19085_right.jpeg,fov_misalignment,0.16963695970594478,0.00020672379838107663,0.13251493415497878,0.49269617292939905,reject,Image is out of focus. Please refocus and ensure patient is still.; Uneven illumination detected. Check flash intensity and alignment.; Incomplete field of view. Ensure proper alignment with pupil.
19085_right.jpeg,jpeg_q25,0.4087021851262289,0.00018559666755265698,0.811657937282297,0.49819067364161573,good,
27717_right.jpeg,baseline,0.39271201449885257,0.00039826309915222754,0.7993858463930131,0.45107065208654834,good,
27717_right.jpeg,defocus_blur,0.39339162884843903,3.810049185419925e-05,0.7993952292651744,0.4543522336355453,good,
27717_right.jpeg,low_light,0.39162040282940463,0.000118631796687743,0.7972540280700352,0.4501361611448688,good,
27717_right.jpeg,uneven_illumination,0.2963184166089944,0.0001494522351288275,0.5248600471944428,0.45023047678755146,reject,Image is out of focus. Please refocus and ensure patient is still.; Uneven illumination detected. Check flash intensity and alignment.; Incomplete field of view. Ensure proper alignment with pupil.
27717_right.jpeg,fov_misalignment,0.1554439318245133,0.00039473760855836607,0.12233434008616458,0.44987607100372945,reject,Image is out of focus. Please refocus and ensure patient is still.; Uneven illumination detected. Check flash intensity and alignment.; Incomplete field of view. Ensure proper alignment with pupil.
27717_right.jpeg,jpeg_q25,0.39300866813337365,0.00032482335620629885,0.800097403133899,0.451378590776106,good,
27786_right.jpeg,baseline,0.45120949431770796,0.0005422389660100858,0.7635540074307424,0.7349947845221765,good,
27786_right.jpeg,defocus_blur,0.4511693934950941,4.846472626154138e-05,0.7635660052900816,0.735607623012244,good,
27786_right.jpeg,low_light,0.44896809764456547,0.0001630825624831865,0.7613310772522394,0.7297479503251537,good,
27786_right.jpeg,uneven_illumination,0.43221621647446906,0.00021783118754488135,0.7133032877199971,0.7298917331898085,good,
27786_right.jpeg,fov_misalignment,0.279792003833547,0.000489967587108176,0.32569318284888854,0.662413611206371,reject,Image is out of focus. Please refocus and ensure patient is still.; Uneven illumination detected. Check flash intensity and alignment.
27786_right.jpeg,jpeg_q25,0.4508097984911862,0.0002818227422495491,0.7625051552164651,0.7352810602740943,good,
37545_left.jpeg,baseline,0.4922967559702647,0.0005084581122796048,0.8697531981065055,0.750719013552304,good,
37545_left.jpeg,defocus_blur,0.49218198198713237,4.522618116438022e-05,0.8697579942483991,0.7509943741109079,good,
37545_left.jpeg,low_light,0.4872161330090492,0.0001558496920360688,0.8687416059139907,0.7323769242493522,good,
37545_left.jpeg,uneven_illumination,0.37267476495966234,0.00020915004947889777,0.5411206058800164,0.7327955715274602,good,
37545_left.jpeg,fov_misalignment,0.26916977550657184,0.0004510340329261689,0.2881864115413692,0.6724964714156887,reject,Image is out of focus. Please refocus and ensure patient is still.; Uneven illumination detected. Check flash intensity and alignment.
37545_left.jpeg,jpeg_q25,0.49241047579206343,0.00022113283839932305,0.8698321601738483,0.7515230663834274,good,
26201_right.jpeg,baseline,0.4760614201765502,0.0017774192734421146,0.8213252390977698,0.7515464751318158,good,
26201_right.jpeg,defocus_blur,0.4754906336397766,7.063935598550702e-05,0.8212993933883271,0.7520303608458719,good,
26201_right.jpeg,low_light,0.4718992800760104,0.00043468524944413167,0.8200554200065902,0.7388240358957048,good,
26201_right.jpeg,uneven_illumination,0.4085951491684474,0.0006247891253120059,0.6384000359316584,0.7396208837689686,good,
26201_right.jpeg,fov_misalignment,0.28126326271834257,0.001581728649312298,0.31825491260798267,0.6769654073832948,reject,Image is out of focus. Please refocus and ensure patient is still.; Uneven illumination detected. Check flash intensity and alignment.
26201_right.jpeg,jpeg_q25,0.47588352355793606,0.0005802948815503998,0.8204639389178466,0.7539561079362783,good,
13723_left.jpeg,baseline,0.44087368823125395,0.0015877242298689388,0.6984085865073932,0.783182373046875,good,
13723_left.jpeg,defocus_blur,0.4411587311304185,7.824684596147547e-05,0.6984455250728498,0.7866859944661458,good,
13723_left.jpeg,low_light,0.4388167232540255,0.00040078765395446257,0.6941996125996903,0.7827461751302084,good,
13723_left.jpeg,uneven_illumination,0.46817003737515894,0.0004648316649725833,0.777951033218536,0.7828049723307292,good,
13723_left.jpeg,fov_misalignment,0.2901527967586528,0.0012552151452958503,0.3353759319401431,0.6890765380859375,reject,Image is out of focus. Please refocus and ensure patient is still.; Uneven illumination detected. Check flash intensity and alignment.
13723_left.jpeg,jpeg_q25,0.4400992661002334,0.0008912691015645907,0.6966393498771526,0.7836759440104166,good,
15969_right.jpeg,baseline,0.4058653645108385,0.00032828651265418,0.822111922577555,0.4719795080145303,good,
15969_right.jpeg,defocus_blur,0.40654763448820147,2.930905641992705e-05,0.8221230251684941,0.4751714082266423,good,
15969_right.jpeg,low_light,0.4051628603225242,9.81007557193845e-05,0.8207291017378398,0.47147373764797035,good,
15969_right.jpeg,uneven_illumination,0.3122640581935655,0.00012624884768173045,0.5552074264361752,0.4715638376073261,reject,Image is out of focus. Please refocus and ensure patient is still.; Uneven illumination detected. Check flash intensity and alignment.; Incomplete field of view. Ensure proper alignment with pupil.
15969_right.jpeg,fov_misalignment,0.15270053427581523,0.0003202697752398689,0.1012567841175783,0.46853020769826753,reject,Image is out of focus. Please refocus and ensure patient is still.; Uneven illumination detected. Check flash intensity and alignment.; Incomplete field of view. Ensure proper alignment with pupil.
15969_right.jpeg,jpeg_q25,0.4058105867686429,0.00023317784663219227,0.8219582896881782,0.4721276569565107,good,
14974_left.jpeg,baseline,0.45264935254848415,0.00048550341579742457,0.7627483836577333,0.7419728676078342,good,
14974_left.jpeg,defocus_blur,0.45274622039939183,5.156702671503414e-05,0.7627653054276712,0.7430309467560839,good,
14974_left.jpeg,low_light,0.44909804179900253,0.0001523491293389705,0.7605403792298511,0.7313918776672763,good,
14974_left.jpeg,uneven_illumination,0.3333991099940702,0.00020413974308670506,0.43014805705075637,0.7310625365162831,usable,
14974_left.jpeg,fov_misalignment,0.240707334080137,0.0004378305471921262,0.21165478656130862,0.6658121062592085,reject,Image is out of focus. Please refocus and ensure patient is still.; Uneven illumination detected. Check flash intensity and alignment.
14974_left.jpeg,jpeg_q25,0.4526545076321452,0.0003609980813322858,0.7619981674321304,0.7432429991934665,good,
32355_right.jpeg,baseline,0.43446796941185184,0.00034342154440326184,0.9145659428877418,0.4569300831335238,good,
32355_right.jpeg,defocus_blur,0.43494154774971916,2.358985114995339e-05,0.9144983019920366,0.45943082444818556,good,
32355_right.jpeg,low_light,0.43312449871075587,9.411619424596314e-05,0.9114092237419739,0.45637449569346666,good,
32355_right.jpeg,uneven_illumination,0.32812033230973386,0.0001227806675188354,0.6113011709152645,0.4564632408895351,reject,Image is out of focus. Please refocus and ensure patient is still.; Incomplete field of view. Ensure proper alignment with pupil.
32355_right.jpeg,fov_misalignment,0.15189093405636922,0.0003367629318258863,0.10801947401109545,0.4557976519190219,reject,Image is out of focus. Please refocus and ensure patient is still.; Uneven illumination detected. Check flash intensity and alignment.; Incomplete field of view. Ensure proper alignment with pupil.
32355_right.jpeg,jpeg_q25,0.4334891286646967,0.0002009402579912596,0.9119248788240305,0.4569401798923579,good,
24505_left.jpeg,baseline,0.4075619560433124,0.0003182169170495505,0.818135429923928,0.48434907521247134,good,
24505_left.jpeg,defocus_blur,0.40813366062487155,1.807227535130726e-05,0.8181702882005066,0.4870673233782149,good,
24505_left.jpeg,low_light,0.40691645510810226,8.428669496230409e-05,0.8168553953464402,0.4839334082354533,good,
24505_left.jpeg,uneven_illumination,0.3345152504042875,0.00011939523846997905,0.6099113896355257,0.483994023745862,usable,
24505_left.jpeg,fov_misalignment,0.16663814453246728,0.00030967909422432787,0.13317285319637687,0.4796150971041826,reject,Image is out of focus. Please refocus and ensure patient is still.; Uneven illumination detected. Check flash intensity and alignment.; Incomplete field of view. Ensure proper alignment with pupil.
24505_left.jpeg,jpeg_q25,0.40701824249489377,0.00021464746990448768,0.8165588471272622,0.4845471480495607,good,
16292_left.jpeg,baseline,0.4042618532315517,0.00037042611705374943,0.8042285370616507,0.49053477925261013,good,
16292_left.jpeg,defocus_blur,0.40475850208553016,1.9211400903962185e-05,0.8042322330007636,0.4930781438996053,good,
16292_left.jpeg,low_light,0.40224747894159235,9.574173201172015e-05,0.7991372114894062,0.4900446329099822,good,
16292_left.jpeg,uneven_illumination,0.39706151072954804,0.00013845946685324485,0.7842236905106558,0.4901113410563089,good,
16292_left.jpeg,fov_misalignment,0.17330474893258002,0.00036301103957136414,0.1476278345634403,0.48595920967818945,reject,Image is out of focus. Please refocus and ensure patient is still.; Uneven illumination detected. Check flash intensity and alignment.; Incomplete field of view. Ensure proper alignment with pupil.
16292_left.jpeg,jpeg_q25,0.403207657942402,0.00023337966873249075,0.8012578057324605,0.4906962962741915,good,
32857_right.jpeg,baseline,0.3653127781470327,0.0004415872851357722,0.7069821584906802,0.4707695510449614,usable,
32857_right.jpeg,defocus_blur,0.3656575248652392,1.9810152793870704e-05,0.7069958257059377,0.472804247228174,usable,
32857_right.jpeg,low_light,0.3634877882612367,0.00011258148130351199,0.7025582170389305,0.4701895188203585,usable,
32857_right.jpeg,uneven_illumination,0.3046618511215723,0.0001543693570587435,0.5343788473772454,0.4702700271868517,reject,Image is out of focus. Please refocus and ensure patient is still.; Uneven illumination detected. Check flash intensity and alignment.; Incomplete field of view. Ensure proper alignment with pupil.
32857_right.jpeg,fov_misalignment,0.1469091603310666,0.0004383195002348008,0.08508183147632553,0.467820766057035,reject,Image is out of focus. Please refocus and ensure patient is still.; Uneven illumination detected. Check flash intensity and alignment.; Incomplete field of view. Ensure proper alignment with pupil.
32857_right.jpeg,jpeg_q25,0.36496708682206963,0.00015691730646348357,0.7062350180075926,0.4708882543873074,usable,
5223_right.jpeg,baseline,0.41944439162599806,0.0005210157396258409,0.8572059308458403,0.47685563813641463,good,
5223_right.jpeg,defocus_blur,0.41989816214278464,1.4461757693831404e-05,0.8572006731987706,0.4794885672805496,good,
5223_right.jpeg,low_light,0.41861036513041283,0.00012849953376825073,0.8555721183571379,0.47643489556762914,good,
5223_right.jpeg,uneven_illumination,0.31571539061787157,0.0001808253658606475,0.5614897620396431,0.4764865750306091,reject,Image is out of focus. Please refocus and ensure patient is still.; Uneven illumination detected. Check flash intensity and alignment.; Incomplete field of view. Ensure proper alignment with pupil.
5223_right.jpeg,fov_misalignment,0.16107769030396596,0.0005062270921801655,0.12099106612296237,0.47411330529622825,reject,Image is out of focus. Please refocus and ensure patient is still.; Uneven illumination detected. Check flash intensity and alignment.; Incomplete field of view. Ensure proper alignment with pupil.
5223_right.jpeg,jpeg_q25,0.41890003546452276,0.00015343720035695255,0.8560145398313364,0.47693428657364895,good,
6063_right.jpeg,baseline,0.3530707697475199,0.0019153906637966618,0.650973351693023,0.49785576155777284,usable,
6063_right.jpeg,defocus_blur,0.35329582198209225,4.887483242832227e-05,0.6509573804517038,0.5017647555640985,usable,
6063_right.jpeg,low_light,0.3512013576175979,0.00044310193282533423,0.6477397890601935,0.49726076269360037,usable,
6063_right.jpeg,uneven_illumination,0.27638921441408504,0.000630554778962808,0.43371718494220085,0.49734391109091863,reject,Image is out of focus. Please refocus and ensure patient is still.; Uneven illumination detected. Check flash intensity and alignment.; Incomplete field of view. Ensure proper alignment with pupil.
6063_right.jpeg,fov_misalignment,0.1549809236026506,0.0018557160863179735,0.09081189977192904,0.4898178889917929,reject,Image is out of focus. Please refocus and ensure patient is still.; Uneven illumination detected. Check flash intensity and alignment.; Incomplete field of view. Ensure proper alignment with pupil.
6063_right.jpeg,jpeg_q25,0.3525748793805997,0.0005184556641154182,0.6509854534563246,0.4980903536209598,usable,
32209_right.jpeg,baseline,0.3885922204384785,0.0003728942362677015,0.7545241208508047,0.49743848178475936,good,
32209_right.jpeg,defocus_blur,0.3891161499820416,1.83870473317577e-05,0.7545635188251874,0.5000462542971734,good,
32209_right.jpeg,low_light,0.3876233379274642,9.651991529055057e-05,0.7524198920957662,0.49695107091131907,good,
32209_right.jpeg,uneven_illumination,0.2884017656789117,0.00012587044673791138,0.4688529342276048,0.49701156208221925,reject,Image is out of focus. Please refocus and ensure patient is still.; Uneven illumination detected. Check flash intensity and alignment.; Incomplete field of view. Ensure proper alignment with pupil.
32209_right.jpeg,fov_misalignment,0.16508103455153822,0.0003629130463514835,0.11958621139050649,0.4923227813852814,reject,Image is out of focus. Please refocus and ensure patient is still.; Uneven illumination detected. Check flash intensity and alignment.; Incomplete field of view. Ensure proper alignment with pupil.
32209_right.jpeg,jpeg_q25,0.38769065972575945,0.00023905863607556288,0.7519730295641055,0.49761790369556913,good,
1690_right.jpeg,baseline,0.4274909268368968,0.0008269814969911128,0.8815017202828808,0.47453812855636845,good,
1690_right.jpeg,defocus_blur,0.42797690044157116,2.810633830141896e-05,0.8814950783589509,0.4777695219224712,good,
1690_right.jpeg,low_light,0.42689200790224574,0.0002029901417475815,0.8808540765362636,0.474047540231418,good,
1690_right.jpeg,uneven_illumination,0.3421040031588151,0.0002833523855662358,0.6384547983236685,0.47412593116521873,usable,
1690_right.jpeg,fov_misalignment,0.16938541370665527,0.0008037960053952849,0.1468075190016646,0.47072505461565817,reject,Image is out of focus. Please refocus and ensure patient is still.; Uneven illumination detected. Check flash intensity and alignment.; Incomplete field of view. Ensure proper alignment with pupil.
1690_right.jpeg,jpeg_q25,0.42747019092322636,0.00032395087669657963,0.8818651212693633,0.47475127251308236,good,
26954_left.jpeg,baseline,0.39501745873904553,0.0004684966435614841,0.8020947087686533,0.456387648050369,good,
26954_left.jpeg,defocus_blur,0.3953262287743599,2.1773944193879142e-05,0.8022227446485103,0.4581582342788151,good,
26954_left.jpeg,low_light,0.3943700962577819,0.00011982030691784517,0.801105012697814,0.4557416547631194,good,
26954_left.jpeg,uneven_illumination,0.39600890107531805,0.00016121596932687184,0.8056507072647231,0.4558666685797368,good,
26954_left.jpeg,fov_misalignment,0.15416761461190634,0.0004634061300183355,0.11472101783297242,0.45531958367343467,reject,Image is out of focus. Please refocus and ensure patient is still.; Uneven illumination detected. Check flash intensity and alignment.; Incomplete field of view. Ensure proper alignment with pupil.
26954_left.jpeg,jpeg_q25,0.39574061120329806,0.0002477472299831347,0.804386146268048,0.45642544446995204,good,
2493_left.jpeg,baseline,0.3829024946572388,0.0019263523288468173,0.7361095528098527,0.49797444096900645,good,
2493_left.jpeg,defocus_blur,0.38310644518950016,4.767466877469885e-05,0.7361062698951563,0.5018007234347424,good,
2493_left.jpeg,low_light,0.38089442343747415,0.00044456662719230067,0.7324787134764026,0.4973961882794252,good,
2493_left.jpeg,uneven_illumination,0.42133944225013675,0.000630913469887302,0.8477531492007392,0.4974938985676924,good,
2493_left.jpeg,fov_misalignment,0.17914680587956763,0.0018816987702522075,0.15972013725755133,0.48996831332529517,reject,Image is out of focus. Please refocus and ensure patient is still.; Uneven illumination detected. Check flash intensity and alignment.; Incomplete field of view. Ensure proper alignment with pupil.
2493_left.jpeg,jpeg_q25,0.3825903115370063,0.0005028761091990032,0.7366857063917286,0.49819665542488684,good,
12113_left.jpeg,baseline,0.4591646339440649,0.0004995325277864453,0.7679999306124591,0.7606593808743586,good,
12113_left.jpeg,defocus_blur,0.4591527379483328,4.616653209729569e-05,0.7679994825633107,0.7613378097533404,good,
12113_left.jpeg,low_light,0.4562621153891998,0.00015489461094717193,0.7661294812081798,0.7522193564878321,good,
12113_left.jpeg,uneven_illumination,0.3475669160672418,0.0002105229676268761,0.4554582955683732,0.7522892137250419,usable,
12113_left.jpeg,fov_misalignment,0.26264619938477823,0.0004378594708340977,0.2659630044407166,0.6775360161687751,reject,Image is out of focus. Please refocus and ensure patient is still.; Uneven illumination detected. Check flash intensity and alignment.
12113_left.jpeg,jpeg_q25,0.4588510767966696,0.00021572620958950654,0.7667237352567491,0.7616459158918863,good,
11150_left.jpeg,baseline,0.39791390233660784,0.00027375914326231254,0.7815268455253903,0.4970800109816654,good,
11150_left.jpeg,defocus_blur,0.3984797448280125,1.952316005584297e-05,0.781549284445898,0.4997187440317036,good,
11150_left.jpeg,low_light,0.3972034937351809,7.512748352943665e-05,0.780019420608054,0.4966665821158009,good,
11150_left.jpeg,uneven_illumination,0.3703676419119414,0.00010528113187603415,0.7032668231971148,0.4967285653608034,good,
11150_left.jpeg,fov_misalignment,0.1779057169459463,0.0002651594811289575,0.15658931338457568,0.49197357387557294,reject,Image is out of focus. Please refocus and ensure patient is still.; Uneven illumination detected. Check flash intensity and alignment.; Incomplete field of view. Ensure proper alignment with pupil.
11150_left.jpeg,jpeg_q25,0.39691928288817446,0.00020044322195337104,0.7786632655287601,0.4972278506573084,good,
30164_right.jpeg,baseline,0.3601238044721962,0.0005875705884242012,0.6883198673094559,0.47590729071406795,usable,
30164_right.jpeg,defocus_blur,0.36043941985613975,3.076045030424415e-05,0.6883019270447034,0.47808576484148757,usable,
30164_right.jpeg,low_light,0.3584177322964603,0.0001538908494321828,0.6844853514743294,0.4751452117626886,usable,
30164_right.jpeg,uneven_illumination,0.2859666436287994,0.0002111756021127038,0.477322363372142,0.4752773848308185,reject,Image is out of focus. Please refocus and ensure patient is still.; Uneven illumination detected. Check flash intensity and alignment.; Incomplete field of view. Ensure proper alignment with pupil.
30164_right.jpeg,fov_misalignment,0.14614388731709627,0.0005824677306585112,0.07973540084451199,0.47201403971701467,reject,Image is out of focus. Please refocus and ensure patient is still.; Uneven illumination detected. Check flash intensity and alignment.; Incomplete field of view. Ensure proper alignment with pupil.
30164_right.jpeg,jpeg_q25,0.35969987581290835,0.00029872357172278005,0.6873512192647154,0.47602983856627545,usable,
19605_left.jpeg,baseline,0.43170808115122883,0.0002868707015533141,0.8993328373763585,0.46730735915552835,good,
19605_left.jpeg,defocus_blur,0.432202961596441,2.1739015481577795e-05,0.8993310152333847,0.469713642634255,good,
19605_left.jpeg,low_light,0.43130435097088327,8.052139534416719e-05,0.8987225606005421,0.46687698481022344,good,
19605_left.jpeg,uneven_illumination,0.3593459742234983,0.00010714190576176572,0.6930357579576647,0.4669624087040438,usable,
19605_left.jpeg,fov_misalignment,0.1565596143203484,0.00028484512958948984,0.11476043964882848,0.46511808956569056,reject,Image is out of focus. Please refocus and ensure patient is still.; Uneven illumination detected. Check flash intensity and alignment.; Incomplete field of view. Ensure proper alignment with pupil.
19605_left.jpeg,jpeg_q25,0.4315440409581177,0.0001869395407685173,0.8989166293765845,0.46739377944002314,good,
13996_right.jpeg,baseline,0.38076616928235335,0.0010495332362931843,0.7476468545285383,0.47467982761139055,good,
13996_right.jpeg,defocus_blur,0.3810767938258657,2.711477131671909e-05,0.7476414192469548,0.47756580472361937,good,
13996_right.jpeg,low_light,0.3792215829729154,0.00024840558058100904,0.7444894681906598,0.4742036274958086,good,
13996_right.jpeg,uneven_illumination,0.29055189466517917,0.00037040947765290815,0.4909942473855633,0.47422297715668343,reject,Image is out of focus. Please refocus and ensure patient is still.; Uneven illumination detected. Check flash intensity and alignment.; Incomplete field of view. Ensure proper alignment with pupil.
13996_right.jpeg,fov_misalignment,0.1512076211127537,0.001003290104112856,0.09398324418310645,0.47164867842808517,reject,Image is out of focus. Please refocus and ensure patient is still.; Uneven illumination detected. Check flash intensity and alignment.; Incomplete field of view. Ensure proper alignment with pupil.
13996_right.jpeg,jpeg_q25,0.3801502120768739,0.00029891100780117606,0.7466083199797124,0.4748709427234161,good,
3169_left.jpeg,baseline,0.4128976789677012,0.0003702161189646599,0.8339778733839833,0.48342934734288473,good,
3169_left.jpeg,defocus_blur,0.41337418329744796,2.3731813985201762e-05,0.8339832661062918,0.4858821897386069,good,
3169_left.jpeg,low_light,0.4118205803449342,0.0001083473680077105,0.8317455578636083,0.4826651845818727,good,
3169_left.jpeg,uneven_illumination,0.3860988845886099,0.00013913487622030894,0.7580898936845649,0.48284707139409644,good,
3169_left.jpeg,fov_misalignment,0.16246190494136306,0.0003671737239959342,0.12158188127584124,0.479045508020881,reject,Image is out of focus. Please refocus and ensure patient is still.; Uneven illumination detected. Check flash intensity and alignment.; Incomplete field of view. Ensure proper alignment with pupil.
3169_left.jpeg,jpeg_q25,0.41260104008654463,0.0001347002543991275,0.833291335068772,0.48358077084285933,good,
18384_left.jpeg,baseline,0.43102916609528197,0.00043484811650064544,0.7045406427909295,0.7370640074874257,good,
18384_left.jpeg,defocus_blur,0.4311485009949393,4.9094556180597225e-05,0.7045594604950856,0.7381322079967485,good,
18384_left.jpeg,low_light,0.4270418196752259,0.00014077616753057856,0.701785594702139,0.7254422042498603,good,
18384_left.jpeg,uneven_illumination,0.31831868805513386,0.00018889110026901556,0.39123541007338625,0.7252429523573642,reject,Image is out of focus. Please refocus and ensure patient is still.; Uneven illumination detected. Check flash intensity and alignment.
18384_left.jpeg,fov_misalignment,0.23966361568824007,0.0003875289800299605,0.210629394277122,0.6631532643969416,reject,Image is out of focus. Please refocus and ensure patient is still.; Uneven illumination detected. Check flash intensity and alignment.
18384_left.jpeg,jpeg_q25,0.43121167631910845,0.00027255168183136627,0.7044460242831184,0.7381861885891379,good,
2699_right.jpeg,baseline,0.3903256991743068,0.001452339012194066,0.6533113875134561,0.6443431117588783,good,
2699_right.jpeg,defocus_blur,0.39063258434459514,8.59177007477205e-05,0.6533076584544515,0.647762147220952,good,
2699_right.jpeg,low_light,0.3882379731210725,0.0003888248745456813,0.6490512415358137,0.6436580345348778,good,
2699_right.jpeg,uneven_illumination,0.32625747590967824,0.0005352254690828112,0.471742924493147,0.6437334485977747,reject,Image is out of focus. Please refocus and ensure patient is still.; Uneven illumination detected. Check flash intensity and alignment.
2699_right.jpeg,fov_misalignment,0.20911684231018549,0.001324350845717865,0.1677080904189075,0.5995570813011228,reject,Image is out of focus. Please refocus and ensure patient is still.; Uneven illumination detected. Check flash intensity and alignment.
2699_right.jpeg,jpeg_q25,0.389795932886135,0.0013818036789024527,0.6516861605497944,0.644612220888584,good,
10411_left.jpeg,baseline,0.45841541102909156,0.0004413042540279541,0.7674736714253483,0.7584924173144337,good,
10411_left.jpeg,defocus_blur,0.4585150614972049,5.0517897675453276e-05,0.767479352305471,0.7595083241248793,good,
10411_left.jpeg,low_light,0.4553043876403906,0.0001437655446229393,0.7654087022397693,0.7494153425544886,good,
10411_left.jpeg,uneven_illumination,0.3343411203582297,0.0001916945084339309,0.4197490564955957,0.7494090911255906,usable,
10411_left.jpeg,fov_misalignment,0.25547994533016793,0.0003867636985540655,0.24774105065934193,0.6744634884799066,reject,Image is out of focus. Please refocus and ensure patient is still.; Uneven illumination detected. Check flash intensity and alignment.
10411_left.jpeg,jpeg_q25,0.4587645764678355,0.0002794987259510196,0.7680100139483672,0.7593970883821064,good,
19382_left.jpeg,baseline,0.46580942267213193,0.001957055652741643,0.8601983772186161,0.6558286735380785,good,
19382_left.jpeg,defocus_blur,0.4662286190866525,8.48464123726708e-05,0.8601995272147377,0.660499383986181,good,
19382_left.jpeg,low_light,0.46438591348774094,0.0004905670081214221,0.8582168692814487,0.6552551297439415,good,
19382_left.jpeg,uneven_illumination,0.3736561253799371,0.0006676333119251843,0.5987773276448644,0.655268029517858,good,
19382_left.jpeg,fov_misalignment,0.26851270373528985,0.0016833303034088968,0.33114648539739316,0.6077524068993547,reject,Image is out of focus. Please refocus and ensure patient is still.; Uneven illumination detected. Check flash intensity and alignment.
19382_left.jpeg,jpeg_q25,0.46606950114869505,0.0016803549329234852,0.861035698458332,0.6561394588604379,good,
29912_left.jpeg,baseline,0.47493472174129003,0.004554598547516835,0.7921379099182055,0.7834584554036458,good,
29912_left.jpeg,defocus_blur,0.47424673941433304,8.378724256260317e-05,0.7921634295639606,0.7878240966796874,good,
29912_left.jpeg,low_light,0.47262607676803614,0.00101455234758187,0.7900490905475247,0.7828122965494791,good,
29912_left.jpeg,uneven_illumination,0.4160584727441194,0.0012708036220065936,0.6280718724695062,0.7828999837239583,good,
29912_left.jpeg,fov_misalignment,0.3047194789826409,0.0035249221637716098,0.3742864142297529,0.689237060546875,reject,Image is out of focus. Please refocus and ensure patient is still.; Uneven illumination detected. Check flash intensity and alignment.
29912_left.jpeg,jpeg_q25,0.4737048698720544,0.001922983675225017,0.7911917181983208,0.7840743001302083,good,
21241_right.jpeg,baseline,0.4333214240541052,0.00023684355967580663,0.8922096961358823,0.4838131719307041,good,
21241_right.jpeg,defocus_blur,0.433960927677965,1.5373791670350918e-05,0.8921949701553624,0.48674615442768016,good,
21241_right.jpeg,low_light,0.4326469705533357,6.508146079084093e-05,0.890788990714214,0.48337916487617777,good,
21241_right.jpeg,uneven_illumination,0.3169163542953633,8.599969381991282e-05,0.5600627061469556,0.4834400290656035,reject,Image is out of focus. Please refocus and ensure patient is still.; Uneven illumination detected. Check flash intensity and alignment.; Incomplete field of view. Ensure proper alignment with pupil.
21241_right.jpeg,fov_misalignment,0.16744876715585189,0.0002267837965258266,0.13582092174415958,0.47928292410714285,reject,Image is out of focus. Please refocus and ensure patient is still.; Uneven illumination detected. Check flash intensity and alignment.; Incomplete field of view. Ensure proper alignment with pupil.
21241_right.jpeg,jpeg_q25,0.4326103378918293,0.0001833701930368601,0.8900711422481202,0.48404836011108987,good,
23818_right.jpeg,baseline,0.3613040496623599,0.0004500539646042175,0.6937263711726576,0.4732791926643523,usable,
23818_right.jpeg,defocus_blur,0.3618684171772007,3.306803356156095e-05,0.6937319775578172,0.47619599127416024,usable,
23818_right.jpeg,low_light,0.36013948137671953,0.00013099283299684763,0.6912779211548967,0.47255924735722776,usable,
23818_right.jpeg,uneven_illumination,0.27536028511209787,0.00018350656495295554,0.4489330762873045,0.47264122314224055,reject,Image is out of focus. Please refocus and ensure patient is still.; Uneven illumination detected. Check flash intensity and alignment.; Incomplete field of view. Ensure proper alignment with pupil.
23818_right.jpeg,fov_misalignment,0.14806016189201138,0.00043946466552009637,0.08757193344472165,0.468936797280603,reject,Image is out of focus. Please refocus and ensure patient is still.; Uneven illumination detected. Check flash intensity and alignment.; Incomplete field of view. Ensure proper alignment with pupil.
23818_right.jpeg,jpeg_q25,0.3608291302404509,0.00023976570792171088,0.6924762740818559,0.47346611211453055,usable,
19545_right.jpeg,baseline,0.39315898997153065,0.0006080289222809799,0.7823970927892796,0.47630718370548186,good,
19545_right.jpeg,defocus_blur,0.3935754010835273,2.910303526073865e-05,0.782349579161474,0.4789656286516283,good,
19545_right.jpeg,low_light,0.3921859540687858,0.00015851718559275595,0.7805769650331399,0.475682437731799,good,
19545_right.jpeg,uneven_illumination,0.2971934807799999,0.0002171024262248131,0.509017110821969,0.4758026040872834,reject,Image is out of focus. Please refocus and ensure patient is still.; Uneven illumination detected. Check flash intensity and alignment.; Incomplete field of view. Ensure proper alignment with pupil.
19545_right.jpeg,fov_misalignment,0.15062718616611304,0.0006014227160449697,0.0922782093383177,0.47235697524513537,reject,Image is out of focus. Please refocus and ensure patient is still.; Uneven illumination detected. Check flash intensity and alignment.; Incomplete field of view. Ensure proper alignment with pupil.
19545_right.jpeg,jpeg_q25,0.39281021804588745,0.0003053400278738388,0.7816408528211068,0.476455134189402,good,
31903_right.jpeg,baseline,0.4598129654267701,0.00048445596627624306,0.7639879485061698,0.7688936042524005,good,
31903_right.jpeg,defocus_blur,0.45987520083732714,4.6960240591715845e-05,0.7639812914057283,0.769851858996342,good,
31903_right.jpeg,low_light,0.45823775366821246,0.00015180559340114246,0.7621319218039438,0.7657234351978865,good,
31903_right.jpeg,uneven_illumination,0.4219635234424423,0.00020828037127765112,0.6582673170636298,0.7659466012866433,good,
31903_right.jpeg,fov_misalignment,0.29445658269367503,0.0004048475333977205,0.3475523581803237,0.6906052732688106,reject,Image is out of focus. Please refocus and ensure patient is still.; Uneven illumination detected. Check flash intensity and alignment.
31903_right.jpeg,jpeg_q25,0.45970615409974125,0.00017719039165731975,0.7639353428135753,0.7690316318333079,good,
24288_right.jpeg,baseline,0.40299924617601923,0.0016921737510904949,0.8402444837473668,0.43294722945601855,good,
24288_right.jpeg,defocus_blur,0.40297804171665547,4.055387837131488e-05,0.8402530588380188,0.43549299828800153,good,
24288_right.jpeg,low_light,0.4018407394804699,0.0003852677669245984,0.8389523961010129,0.4322131749533822,good,
24288_right.jpeg,uneven_illumination,0.3550328493739894,0.0005400272111466405,0.7049282726616112,0.4323677722318673,usable,
24288_right.jpeg,fov_misalignment,0.14633257854000706,0.0016912637497327092,0.10709706927011728,0.4326883951822917,reject,Image is out of focus. Please refocus and ensure patient is still.; Uneven illumination detected. Check flash intensity and alignment.; Incomplete field of view. Ensure proper alignment with pupil.
24288_right.jpeg,jpeg_q25,0.4027115479629575,0.00041947587959897487,0.8408350188525326,0.43300600405092593,good,
24395_right.jpeg,baseline,0.43143918014160454,0.0005611149780454388,0.8913928748407655,0.4769089118244737,good,
24395_right.jpeg,defocus_blur,0.4318314910290261,1.7558168629897694e-05,0.8914096492492084,0.47932436209740503,good,
24395_right.jpeg,low_light,0.4306492885447061,0.0001377424758840079,0.8899387410107692,0.4764625288023331,good,
24395_right.jpeg,uneven_illumination,0.3260081340553286,0.00018886320562611322,0.5908617490174537,0.4765239064678774,reject,Image is out of focus. Please refocus and ensure patient is still.; Uneven illumination detected. Check flash intensity and alignment.; Incomplete field of view. Ensure proper alignment with pupil.
24395_right.jpeg,fov_misalignment,0.16136601759433827,0.0005550699390839277,0.12171367848543388,0.4741768085952114,reject,Image is out of focus. Please refocus and ensure patient is still.; Uneven illumination detected. Check flash intensity and alignment.; Incomplete field of view. Ensure proper alignment with pupil.
24395_right.jpeg,jpeg_q25,0.43126556107415404,0.00014250147323127959,0.8913106601912715,0.47699931767166615,good,
22839_left.jpeg,baseline,0.3803079405374716,0.0009510719300064144,0.7464943136687536,0.4746180079256211,good,
22839_left.jpeg,defocus_blur,0.38052728728580015,2.9341918781329442e-05,0.7465085107310087,0.47695028704973835,good,
22839_left.jpeg,low_light,0.3788608751248048,0.00022868626338457896,0.7435801435864022,0.47406540145684095,good,
22839_left.jpeg,uneven_illumination,0.420255422298517,0.00031243342396844383,0.8617138125475386,0.47412245814916426,good,
22839_left.jpeg,fov_misalignment,0.1542721949510771,0.000943905798550603,0.10268810413284885,0.4718151847406391,reject,Image is out of focus. Please refocus and ensure patient is still.; Uneven illumination detected. Check flash intensity and alignment.; Incomplete field of view. Ensure proper alignment with pupil.
22839_left.jpeg,jpeg_q25,0.37973051410935915,0.0003097557642990146,0.7454608625245552,0.4747812396801809,good,
15054_right.jpeg,baseline,0.5233300839976288,0.00030134688374140864,0.9577270556593807,0.7520203030533963,good,
15054_right.jpeg,defocus_blur,0.5234287907917768,5.143197349065784e-05,0.957718313202235,0.7528272335263934,good,
15054_right.jpeg,low_light,0.5197809782761695,0.00011179167818051015,0.9570859803756244,0.7390246738937154,good,
15054_right.jpeg,uneven_illumination,0.36708882981343893,0.00014457535197438812,0.5210627188927361,0.7386361922407662,usable,
15054_right.jpeg,fov_misalignment,0.27643191670288697,0.0002684218253593255,0.31196155260848807,0.6685520182390896,reject,Image is out of focus. Please refocus and ensure patient is still.; Uneven illumination detected. Check flash intensity and alignment.
15054_right.jpeg,jpeg_q25,0.5233531218916421,0.00027607618119073927,0.9566559596683782,0.7536524221409338,good,
7913_right.jpeg,baseline,0.508925776512447,0.00031786617135170776,0.922559494928592,0.7436112272755965,good,
7913_right.jpeg,defocus_blur,0.5090153806064432,3.518129306026697e-05,0.9225696900191912,0.7444076663300089,good,
7913_right.jpeg,low_light,0.5078466324742855,0.00010827379723932101,0.9218583258691696,0.7406116356047217,good,
7913_right.jpeg,uneven_illumination,0.3833988685924999,0.0001432101054244012,0.566760893689108,0.7399010870365694,good,
7913_right.jpeg,fov_misalignment,0.2626076132689894,0.0002782818726773747,0.2739145508366635,0.6665048309083449,reject,Image is out of focus. Please refocus and ensure patient is still.; Uneven illumination detected. Check flash intensity and alignment.
7913_right.jpeg,jpeg_q25,0.5091770937888931,0.00015630298863386405,0.9233686066319075,0.743742241089088,good,
20419_left.jpeg,baseline,0.41767259164145076,0.0003630100559546633,0.8376844060837443,0.4973513819590336,good,
20419_left.jpeg,defocus_blur,0.41818731682547244,1.930012957499974e-05,0.8376823241134639,0.4999631333357207,good,
20419_left.jpeg,low_light,0.4167337576142952,9.45992882893046e-05,0.8356480475424796,0.4968764050364464,good,
20419_left.jpeg,uneven_illumination,0.32844407517913915,0.00012621035332284204,0.5833202927290315,0.4969259543305959,reject,Image is out of focus. Please refocus and ensure patient is still.; Uneven illumination detected. Check flash intensity and alignment.; Incomplete field of view. Ensure proper alignment with pupil.
20419_left.jpeg,fov_misalignment,0.16272441143801253,0.0003531125468883108,0.11303605802911025,0.4920821844362745,reject,Image is out of focus. Please refocus and ensure patient is still.; Uneven illumination detected. Check flash intensity and alignment.; Incomplete field of view. Ensure proper alignment with pupil.
20419_left.jpeg,jpeg_q25,0.4175287992588413,0.0002488982752257486,0.8372687205460557,0.49754075103052586,good,
18269_left.jpeg,baseline,0.47053574290259104,0.0004935212965102466,0.8059559733461094,0.7530149748513946,good,
18269_left.jpeg,defocus_blur,0.47055788878477156,4.706820636958594e-05,0.8059597630095253,0.7538125777955597,good,
18269_left.jpeg,low_light,0.46870490722069846,0.00015390796245333784,0.8033003642372709,0.7499528662106895,good,
18269_left.jpeg,uneven_illumination,0.3543057069005062,0.0002041784890396931,0.4763825965525372,0.7499605068460092,usable,
18269_left.jpeg,fov_misalignment,0.2508177284561884,0.0004496150055864299,0.23317550118447727,0.6761058281575472,reject,Image is out of focus. Please refocus and ensure patient is still.; Uneven illumination detected. Check flash intensity and alignment.
18269_left.jpeg,jpeg_q25,0.4697128203829558,0.000248822211307192,0.8037679698898841,0.7531780081478942,good,
2193_left.jpeg,baseline,0.45025933166353876,0.00045333228259141807,0.7648377303973167,0.7295391724457654,good,
2193_left.jpeg,defocus_blur,0.45033859382450125,4.598394044767768e-05,0.7648449126131652,0.7304979233348575,good,
2193_left.jpeg,low_light,0.4466612925316795,0.00014403767464171566,0.7626915046404887,0.7186466033506071,good,
2193_left.jpeg,uneven_illumination,0.32854151580778024,0.000193527869030177,0.4252196118969366,0.7185489619849617,reject,Image is out of focus. Please refocus and ensure patient is still.; Uneven illumination detected. Check flash intensity and alignment.
2193_left.jpeg,fov_misalignment,0.2452709392672847,0.00040778876198761853,0.22884465006399052,0.6600487849603719,reject,Image is out of focus. Please refocus and ensure patient is still.; Uneven illumination detected. Check flash intensity and alignment.
2193_left.jpeg,jpeg_q25,0.45017407117163816,0.00027788594463059365,0.7641207322220899,0.7304826420642179,good,
43017_right.jpeg,baseline,0.36800441022424485,0.0003095750526414155,0.7306969364656791,0.44854660976080246,usable,
43017_right.jpeg,defocus_blur,0.36843361159158405,3.262078407347806e-05,0.7307598849146643,0.45061841423128857,good,
43017_right.jpeg,low_light,0.36632004474724783,0.00010108637587481359,0.726704741288609,0.4477318029835391,usable,
43017_right.jpeg,uneven_illumination,0.2897535031224291,0.00013225392514287462,0.5079109825157974,0.4477270306873714,reject,Image is out of focus. Please refocus and ensure patient is still.; Uneven illumination detected. Check flash intensity and alignment.; Incomplete field of view. Ensure proper alignment with pupil.
43017_right.jpeg,fov_misalignment,0.13872608333033631,0.00030832680663250356,0.07643760017516182,0.4473983701855067,reject,Image is out of focus. Please refocus and ensure patient is still.; Uneven illumination detected. Check flash intensity and alignment.; Incomplete field of view. Ensure proper alignment with pupil.
43017_right.jpeg,jpeg_q25,0.3673375018162487,0.00021042625482836316,0.7287941010412559,0.4487015837995113,usable,
13533_right.jpeg,baseline,0.3660960415650527,0.001968748853086486,0.5626651547335718,0.6735029514682721,usable,
13533_right.jpeg,defocus_blur,0.3663502731880989,9.772948217179068e-05,0.5626605603678759,0.6775199410658944,usable,
13533_right.jpeg,low_light,0.36358363306292035,0.0004994846934481132,0.5576964538109762,0.6727603214067978,usable,
13533_right.jpeg,uneven_illumination,0.3141959418659553,0.0006720903954703708,0.4163183550465566,0.6728627257658893,reject,Image is out of focus. Please refocus and ensure patient is still.; Uneven illumination detected. Check flash intensity and alignment.
13533_right.jpeg,fov_misalignment,0.2138637399642379,0.0017205507368689486,0.16617732065264126,0.6200538297642636,reject,Image is out of focus. Please refocus and ensure patient is still.; Uneven illumination detected. Check flash intensity and alignment.
13533_right.jpeg,jpeg_q25,0.36598563099639936,0.0017451976642877045,0.562397794365937,0.6737932956104252,usable,
8724_right.jpeg,baseline,0.5022874181881821,0.00046657964833440505,0.9133327940896382,0.7297372335899,good,
8724_right.jpeg,defocus_blur,0.5022683286627224,3.5895850276259104e-05,0.9133327208646287,0.7303500720799675,good,
8724_right.jpeg,low_light,0.5006883497193336,0.00014588067441102296,0.9123771722588558,0.7251919486358787,good,
8724_right.jpeg,uneven_illumination,0.38798598508466586,0.00019830430338027831,0.5903836494117628,0.7250895442767871,good,
8724_right.jpeg,fov_misalignment,0.26165118339139587,0.0004132745094018792,0.27783508745043545,0.6569743719199309,reject,Image is out of focus. Please refocus and ensure patient is still.; Uneven illumination detected. Check flash intensity and alignment.
8724_right.jpeg,jpeg_q25,0.5023783337579599,0.00015277373097678483,0.914079477154934,0.7295576290453691,good,
37225_right.jpeg,baseline,0.49401046178386987,0.0004360511210765764,0.8782336258718356,0.745817089121187,good,
37225_right.jpeg,defocus_blur,0.49392651289269485,8.676058262022182e-05,0.8782120531528534,0.7460703602245923,good,
37225_right.jpeg,low_light,0.48817708379678515,0.00016568605578620743,0.8772618822940274,0.7242766022862442,good,
37225_right.jpeg,uneven_illumination,0.39979975033136206,0.00021803103787076275,0.620439105817689,0.7302354035200903,good,
37225_right.jpeg,fov_misalignment,0.25821828796928065,0.0003786480959438395,0.2599416175008871,0.6683490504223705,reject,Image is out of focus. Please refocus and ensure patient is still.; Uneven illumination detected. Check flash intensity and alignment.
37225_right.jpeg,jpeg_q25,0.49425305062351516,0.00044392785132781455,0.8780011571820552,0.7471002978770589,good,
14859_right.jpeg,baseline,0.4509050041100319,0.0013937198443615705,0.745862462501178,0.7571826171875,good,
14859_right.jpeg,defocus_blur,0.4512303337668485,9.590770221418384e-05,0.7458715671012628,0.7605476888020833,good,
14859_right.jpeg,low_light,0.44887857608832427,0.00037362948033719314,0.741558338995437,0.7567348225911459,good,
14859_right.jpeg,uneven_illumination,0.3564132951420814,0.000545060054838797,0.47725670027072936,0.7566217041015625,usable,
14859_right.jpeg,fov_misalignment,0.25263421256734725,0.0009648076153173114,0.239388336271567,0.6738494873046875,reject,Image is out of focus. Please refocus and ensure patient is still.; Uneven illumination detected. Check flash intensity and alignment.
14859_right.jpeg,jpeg_q25,0.44976028642299437,0.0011068222007921175,0.7425418868778881,0.7577115885416666,good,
19787_left.jpeg,baseline,0.419123219769596,0.0004251688091502543,0.8608842513962134,0.47057465702904466,good,
19787_left.jpeg,defocus_blur,0.41946752638156154,2.087231040368543e-05,0.8608994579420889,0.4725774687106758,good,
19787_left.jpeg,low_light,0.4181640827253746,0.00010963038237095824,0.8588708148241481,0.47006178153589767,good,
19787_left.jpeg,uneven_illumination,0.3813400679316535,0.00014839165166581004,0.7535654630936189,0.47013119675288234,good,
19787_left.jpeg,fov_misalignment,0.15521175696317577,0.0004223839458803329,0.10862816372772643,0.4680917843204775,reject,Image is out of focus. Please refocus and ensure patient is still.; Uneven illumination detected. Check flash intensity and alignment.; Incomplete field of view. Ensure proper alignment with pupil.
19787_left.jpeg,jpeg_q25,0.41868852074343227,0.00019294243887029735,0.8598554638521675,0.4706477256785022,good,
24642_right.jpeg,baseline,0.5039483077823357,0.014358244824894766,0.8638648707370762,0.7834092203776042,good,
24642_right.jpeg,defocus_blur,0.49955678561921346,0.00010694437141945332,0.8638907304953718,0.7886090087890625,good,
24642_right.jpeg,low_light,0.49889382309802466,0.0030018887353813178,0.8628496244225214,0.7827827962239583,good,
24642_right.jpeg,uneven_illumination,0.35683465664829783,0.005291205889549625,0.4542745072326009,0.7828883870442709,usable,
24642_right.jpeg,fov_misalignment,0.30304841116334114,0.00922079180824302,0.3630379732792177,0.6891872151692708,reject,Image is out of focus. Please refocus and ensure patient is still.; Uneven illumination detected. Check flash intensity and alignment.
24642_right.jpeg,jpeg_q25,0.5011103772400864,0.007355563896035733,0.8631762399703282,0.7842258707682291,good,
14577_right.jpeg,baseline,0.4094183926114932,0.0003277359668762317,0.8399933999095923,0.4611584330255416,good,
14577_right.jpeg,defocus_blur,0.4097788785457054,1.7545191704297556e-05,0.8400096292800009,0.46307396088409347,good,
14577_right.jpeg,low_light,0.40826074806139473,8.80445705050766e-05,0.837294089871448,0.4606903951127436,good,
14577_right.jpeg,uneven_illumination,0.30840856358219115,0.00012029047889089718,0.5519298861573245,0.4607399489422848,reject,Image is out of focus. Please refocus and ensure patient is still.; Uneven illumination detected. Check flash intensity and alignment.; Incomplete field of view. Ensure proper alignment with pupil.
14577_right.jpeg,fov_misalignment,0.14902644639788534,0.00032502697513521586,0.09670535563264321,0.4601982445456246,reject,Image is out of focus. Please refocus and ensure patient is still.; Uneven illumination detected. Check flash intensity and alignment.; Incomplete field of view. Ensure proper alignment with pupil.
14577_right.jpeg,jpeg_q25,0.4089852908040197,0.00010182132655393427,0.8389502904368091,0.46124784248205963,good,
28004_right.jpeg,baseline,0.495502777078897,0.0005344801060780843,0.8704053906613042,0.7625883932200376,good,
28004_right.jpeg,defocus_blur,0.49547797876357397,5.090315778609548e-05,0.8704201833587788,0.7632422132995478,good,
28004_right.jpeg,low_light,0.4940074573194768,0.00016350423458620883,0.8690693582031657,0.7590711210181375,good,
28004_right.jpeg,uneven_illumination,0.39913735896906155,0.00021922759424106373,0.5978529197584297,0.759204584063659,good,
28004_right.jpeg,fov_misalignment,0.2766972007839811,0.0004769639819833551,0.30594226365872623,0.6777064916425342,reject,Image is out of focus. Please refocus and ensure patient is still.; Uneven illumination detected. Check flash intensity and alignment.
28004_right.jpeg,jpeg_q25,0.49541035841989056,0.0002662881354391742,0.8704632938367071,0.7625667612914698,good,
15651_right.jpeg,baseline,0.4094105741599541,0.0003382040604353691,0.8140131596380882,0.4974827466497963,good,
15651_right.jpeg,defocus_blur,0.40994452403422943,1.9694290264664963e-05,0.8140412462097495,0.5000888405788452,good,
15651_right.jpeg,low_light,0.4086055059241551,8.955957011885869e-05,0.8123255193338759,0.49702300131700405,good,
15651_right.jpeg,uneven_illumination,0.30247908329067896,0.00011736209130794142,0.5090421338240531,0.4970695664629488,reject,Image is out of focus. Please refocus and ensure patient is still.; Uneven illumination detected. Check flash intensity and alignment.; Incomplete field of view. Ensure proper alignment with pupil.
15651_right.jpeg,fov_misalignment,0.16580448578500878,0.00032894479368763196,0.121678758091663,0.49234137014180673,reject,Image is out of focus. Please refocus and ensure patient is still.; Uneven illumination detected. Check flash intensity and alignment.; Incomplete field of view. Ensure proper alignment with pupil.
15651_right.jpeg,jpeg_q25,0.408845048290057,0.0002514116738325171,0.8123744879841602,0.4976536513042717,good,
24922_right.jpeg,baseline,0.3869728294969287,0.0020127724990834186,0.6221295571030495,0.6736895020449118,good,
24922_right.jpeg,defocus_blur,0.38729996788192855,8.890346407221415e-05,0.622049767920347,0.6781879508967129,good,
24922_right.jpeg,low_light,0.3844662565807906,0.0005058307397672382,0.6170863466950257,0.673134811766499,good,
24922_right.jpeg,uneven_illumination,0.3269890796594791,0.0007455140926835568,0.45259432722153436,0.6731314379794747,reject,Image is out of focus. Please refocus and ensure patient is still.; Uneven illumination detected. Check flash intensity and alignment.
24922_right.jpeg,fov_misalignment,0.23309626834827427,0.0015510675082307844,0.22127275815508377,0.6201215039628105,reject,Image is out of focus. Please refocus and ensure patient is still.; Uneven illumination detected. Check flash intensity and alignment.
24922_right.jpeg,jpeg_q25,0.3870366206989402,0.0015701536041294642,0.622593977260828,0.6740026688639943,good,
31753_right.jpeg,baseline,0.45931160226265877,0.004094145010502766,0.7480419170963374,0.7834370930989584,good,
31753_right.jpeg,defocus_blur,0.45876749868836875,0.00013322039610066995,0.7480171349497213,0.7876328531901041,good,
31753_right.jpeg,low_light,0.45707685270961546,0.0009299328547465604,0.7457300525781493,0.7827974446614583,good,
31753_right.jpeg,uneven_illumination,0.3377183978937369,0.0015842710718958753,0.40388759978275124,0.7828961181640625,usable,
31753_right.jpeg,fov_misalignment,0.26577394400676474,0.0025433902098113857,0.2641828735109422,0.6891703287760417,reject,Image is out of focus. Please refocus and ensure patient is still.; Uneven illumination detected. Check flash intensity and alignment.
31753_right.jpeg,jpeg_q25,0.4582945799261172,0.0022319483461416046,0.7468446743910838,0.784024658203125,good,
30752_left.jpeg,baseline,0.4182965044996603,0.00028896536972666424,0.8611480162176925,0.4671164507023093,good,
30752_left.jpeg,defocus_blur,0.4187078986581718,2.293666084300008e-05,0.8611551750699122,0.4691776508774615,good,
30752_left.jpeg,low_light,0.4177942539191823,8.110332728322674e-05,0.8603013006965153,0.46662542937795465,good,
30752_left.jpeg,uneven_illumination,0.3703212860443178,0.00010792148761763336,0.7245665099939664,0.46671935580553003,good,
30752_left.jpeg,fov_misalignment,0.15278554581890613,0.00028738286427235386,0.10409618852316016,0.46494770676036457,reject,Image is out of focus. Please refocus and ensure patient is still.; Uneven illumination detected. Check flash intensity and alignment.; Incomplete field of view. Ensure proper alignment with pupil.
30752_left.jpeg,jpeg_q25,0.41797008363086224,0.00019060844547844123,0.8602565274206015,0.4672162226218413,good,
12501_left.jpeg,baseline,0.4924612671755968,0.0006798313046220585,0.8720360541260728,0.7479068628384901,good,
12501_left.jpeg,defocus_blur,0.492331177571503,5.306254723328157e-05,0.8720279883700246,0.7484006264924046,good,
12501_left.jpeg,low_light,0.4871126640010346,0.0001931476697531572,0.8703926124591004,0.7295919622897932,good,
12501_left.jpeg,uneven_illumination,0.35666439821010854,0.0002656714600050649,0.497427171760715,0.7298344780394249,usable,
12501_left.jpeg,fov_misalignment,0.2594512307654909,0.0006145627901178557,0.2610153096478109,0.6714001890908398,reject,Image is out of focus. Please refocus and ensure patient is still.; Uneven illumination detected. Check flash intensity and alignment.
12501_left.jpeg,jpeg_q25,0.49225923840703856,0.0003805469966079483,0.8710982558710267,0.7488905202141442,good,
14603_left.jpeg,baseline,0.437619779551811,0.001717180332994617,0.7672224210661213,0.6736202401818828,good,
14603_left.jpeg,defocus_blur,0.43797444869033475,7.169333448082693e-05,0.7670862887188109,0.6778622812198344,good,
14603_left.jpeg,low_light,0.43566627435621946,0.00044276781569438606,0.7634779215511489,0.6730875787481583,good,
14603_left.jpeg,uneven_illumination,0.4135481206587125,0.0005751362820215504,0.7001365963938898,0.6730810296321699,good,
14603_left.jpeg,fov_misalignment,0.2716805314878118,0.0014743461430570504,0.3315990652061725,0.6201244808337144,reject,Image is out of focus. Please refocus and ensure patient is still.; Uneven illumination detected. Check flash intensity and alignment.
14603_left.jpeg,jpeg_q25,0.43760781447911523,0.0012436597241874102,0.7675040099000521,0.6739357884976883,good,
7575_left.jpeg,baseline,0.4329596933684484,0.0006440153425729079,0.8955436226068205,0.4770472772761283,good,
7575_left.jpeg,defocus_blur,0.43346409594406177,1.6957810427218224e-05,0.8955424211996834,0.4800698616000068,good,
7575_left.jpeg,low_light,0.43257681108025914,0.00015390513743954165,0.8953105193556931,0.47662626900316296,good,
7575_left.jpeg,uneven_illumination,0.3317914375648599,0.00022244329728079252,0.607228383251014,0.47669010443237086,reject,Image is out of focus. Please refocus and ensure patient is still.; Incomplete field of view. Ensure proper alignment with pupil.
7575_left.jpeg,fov_misalignment,0.16799214285148154,0.0006163001240168037,0.1404823013285598,0.47430726934751555,reject,Image is out of focus. Please refocus and ensure patient is still.; Uneven illumination detected. Check flash intensity and alignment.; Incomplete field of view. Ensure proper alignment with pupil.
7575_left.jpeg,jpeg_q25,0.43268168012983765,0.0002559495779829254,0.8950880868837287,0.4771938795573581,good,
30014_right.jpeg,baseline,0.6182309128972655,0.5416489538676729,0.6704759127012414,0.6676190476190477,good,
30014_right.jpeg,defocus_blur,0.41098425355334145,0.004941168916243746,0.6717626084884885,0.6955634920634921,good,
30014_right.jpeg,low_light,0.44452889409204355,0.11268389619151599,0.665598011055444,0.665984126984127,good,
30014_right.jpeg,uneven_illumination,0.38362607916676716,0.18970425876710176,0.4035440211598807,0.6660158730158731,good,
30014_right.jpeg,fov_misalignment,0.3935270170825538,0.4000345064877803,0.2272883225718288,0.6158492063492064,good,
30014_right.jpeg,jpeg_q25,0.5267977331202722,0.30937927340435,0.6721893195822011,0.6711190476190476,good,
22359_left.jpeg,baseline,0.4659750786847956,0.0018968627349419517,0.8540014033147657,0.6652633697226032,good,
22359_left.jpeg,defocus_blur,0.46636668028475536,9.482518779996644e-05,0.8539271506595616,0.6698169899151553,good,
22359_left.jpeg,low_light,0.4643652701965194,0.0004808594860524302,0.8514195658868065,0.6647043133668648,good,
22359_left.jpeg,uneven_illumination,0.38596414498728576,0.0006765700705009043,0.6271909806948242,0.6647066948635879,good,
22359_left.jpeg,fov_misalignment,0.2764858719944092,0.0015544459991135083,0.34946521579183426,0.6142050722704873,reject,Image is out of focus. Please refocus and ensure patient is still.; Uneven illumination detected. Check flash intensity and alignment.
22359_left.jpeg,jpeg_q25,0.46722052874965275,0.0017178217766729855,0.8575482727796016,0.6655660182644922,good,
16184_right.jpeg,baseline,0.4983679412104116,0.0041340147201351434,0.859667707738358,0.7833225504557292,good,
16184_right.jpeg,defocus_blur,0.497838354234184,7.624800006541828e-05,0.8596545520972217,0.7877150472005209,good,
16184_right.jpeg,low_light,0.49630819245280977,0.000912759162310707,0.8578350074464139,0.7828033447265625,good,
16184_right.jpeg,uneven_illumination,0.35384877430605327,0.0017256584210017492,0.44983605547848654,0.7828635660807292,usable,
16184_right.jpeg,fov_misalignment,0.2845753021412648,0.0023771620841224056,0.31811353948939347,0.6891387939453125,reject,Image is out of focus. Please refocus and ensure patient is still.; Uneven illumination detected. Check flash intensity and alignment.
16184_right.jpeg,jpeg_q25,0.4976502339713749,0.001571790417041063,0.860081068820316,0.7839725748697917,good,
39788_left.jpeg,baseline,0.29465536633981493,0.00036415015995556045,0.5181789625332992,0.4525882775567119,reject,Image is out of focus. Please refocus and ensure patient is still.; Uneven illumination detected. Check flash intensity and alignment.; Incomplete field of view. Ensure proper alignment with pupil.
39788_left.jpeg,defocus_blur,0.2949853072250841,1.6060002204628358e-05,0.5181627161317327,0.4544877303123831,reject,Image is out of focus. Please refocus and ensure patient is still.; Uneven illumination detected. Check flash intensity and alignment.; Incomplete field of view. Ensure proper alignment with pupil.
39788_left.jpeg,low_light,0.29263549641914716,9.570363494776346e-05,0.5131560552672795,0.45197038248648097,reject,Image is out of focus. Please refocus and ensure patient is still.; Uneven illumination detected. Check flash intensity and alignment.; Incomplete field of view. Ensure proper alignment with pupil.
39788_left.jpeg,uneven_illumination,0.3239147814929692,0.00012272370318374665,0.6024018967817801,0.4521001125522906,reject,Image is out of focus. Please refocus and ensure patient is still.; Incomplete field of view. Ensure proper alignment with pupil.
39788_left.jpeg,fov_misalignment,0.1568034483507705,0.0003634916460440415,0.12512706301873977,0.45145431854317586,reject,Image is out of focus. Please refocus and ensure patient is still.; Uneven illumination detected. Check flash intensity and alignment.; Incomplete field of view. Ensure proper alignment with pupil.
39788_left.jpeg,jpeg_q25,0.2945215987173837,0.00010151777415792561,0.5180026430877371,0.4527202661080502,reject,Image is out of focus. Please refocus and ensure patient is still.; Uneven illumination detected. Check flash intensity and alignment.; Incomplete field of view. Ensure proper alignment with pupil.
28582_left.jpeg,baseline,0.35939803470596804,0.0007114292765592263,0.6871424096410047,0.47445447848397093,usable,
28582_left.jpeg,defocus_blur,0.3597591193395349,3.075576341764226e-05,0.6871246900192736,0.47701270210968855,usable,
28582_left.jpeg,low_light,0.3575636807845746,0.00017900346845710303,0.6829380583398547,0.47385503591297057,usable,
28582_left.jpeg,uneven_illumination,0.4069482182434436,0.0002460116794020806,0.8239001932959092,0.47393898367245846,good,
28582_left.jpeg,fov_misalignment,0.1625079076409056,0.0007024574481894194,0.12700476088264862,0.4711010334108114,reject,Image is out of focus. Please refocus and ensure patient is still.; Uneven illumination detected. Check flash intensity and alignment.; Incomplete field of view. Ensure proper alignment with pupil.
28582_left.jpeg,jpeg_q25,0.3589745705141705,0.0002636536079610916,0.6862878280932013,0.4746734769534624,usable,
13380_left.jpeg,baseline,0.39629927498780393,0.008579840088631385,0.8311953186145506,0.40779590974903474,good,
13380_left.jpeg,defocus_blur,0.39459021549924717,0.00013393407409547397,0.8311364807778266,0.41455549438947875,good,
13380_left.jpeg,low_light,0.393421328206144,0.0018768962269674041,0.8315383802273094,0.406528546543195,good,
13380_left.jpeg,uneven_illumination,0.29591831119195583,0.0028849673010246705,0.5516268144348363,0.40677975687741313,reject,Image is out of focus. Please refocus and ensure patient is still.; Uneven illumination detected. Check flash intensity and alignment.; Incomplete field of view. Ensure proper alignment with pupil.
13380_left.jpeg,fov_misalignment,0.11930413062159917,0.008115763643266946,0.04591659961016109,0.399948061202944,reject,Image is out of focus. Please refocus and ensure patient is still.; Uneven illumination detected. Check flash intensity and alignment.; Incomplete field of view. Ensure proper alignment with pupil.
13380_left.jpeg,jpeg_q25,0.39482788529077456,0.0036457108871250235,0.8321560090300754,0.40845999110159265,good,
39928_left.jpeg,baseline,0.4006648603966486,0.0008232632413133857,0.6208355826237248,0.7321724047272784,good,
39928_left.jpeg,defocus_blur,0.400473735782328,5.5779918049388926e-05,0.6208448065282302,0.7326229661209107,good,
39928_left.jpeg,low_light,0.3954089553699195,0.0002336532468513157,0.6174241101805376,0.7168682220319634,good,
39928_left.jpeg,uneven_illumination,0.34382953895984153,0.0003213878602003059,0.4686424159607499,0.7187045529179958,usable,
39928_left.jpeg,fov_misalignment,0.23697717614182168,0.0007450281993031069,0.20503794238964687,0.6596635401028961,reject,Image is out of focus. Please refocus and ensure patient is still.; Uneven illumination detected. Check flash intensity and alignment.
39928_left.jpeg,jpeg_q25,0.39937029196936946,0.0003858394687513314,0.6172417717874861,0.7327253442249954,good,
30121_left.jpeg,baseline,0.42420428545171773,0.0003779181114820096,0.8609894621798753,0.4908272257766743,good,
30121_left.jpeg,defocus_blur,0.42470539530104334,2.0196885727310754e-05,0.8610542386478703,0.49331333207999106,good,
30121_left.jpeg,low_light,0.4235048011914798,9.763951253486637e-05,0.8597059876534671,0.49027459883100966,good,
30121_left.jpeg,uneven_illumination,0.3754267759443983,0.0001372442630309769,0.7222382309639552,0.4903539896072065,good,
30121_left.jpeg,fov_misalignment,0.16993649107093298,0.00037014735210941604,0.1378081990084791,0.4862222499084861,reject,Image is out of focus. Please refocus and ensure patient is still.; Uneven illumination detected. Check flash intensity and alignment.; Incomplete field of view. Ensure proper alignment with pupil.
30121_left.jpeg,jpeg_q25,0.4238209495160189,0.00024175023798452507,0.8599200799176162,0.49100888579863766,good,
39226_left.jpeg,baseline,0.449000880711776,0.0004811257057386063,0.7495274498415553,0.7458952919397449,good,
39226_left.jpeg,defocus_blur,0.44889121825201034,4.7395805953023364e-05,0.7495275219380598,0.7461505090052329,good,
39226_left.jpeg,low_light,0.4464803550852759,0.0001503297654467148,0.7474260974648783,0.7392843562655591,good,
39226_left.jpeg,uneven_illumination,0.33066593950516676,0.00020319061400614994,0.4163226222094126,0.7394869819450796,reject,Image is out of focus. Please refocus and ensure patient is still.; Uneven illumination detected. Check flash intensity and alignment.
39226_left.jpeg,fov_misalignment,0.246389317560123,0.00042515609129464604,0.22551364985526598,0.6691579106970482,reject,Image is out of focus. Please refocus and ensure patient is still.; Uneven illumination detected. Check flash intensity and alignment.
39226_left.jpeg,jpeg_q25,0.44871482565059106,0.00020857078609000783,0.7488004311441767,0.7462049857427729,good,
15792_right.jpeg,baseline,0.43817562689350487,0.00025475958171825486,0.9169398356448892,0.46857912234042554,good,
15792_right.jpeg,defocus_blur,0.4388178760348636,4.4197797451476907e-05,0.9169207041441643,0.4715118018617021,good,
15792_right.jpeg,low_light,0.43729858812585626,8.986834089590878e-05,0.915559957726833,0.46726662234042554,good,
15792_right.jpeg,uneven_illumination,0.31752524178794905,0.00011525592657169533,0.5732115561999427,0.46742037898936173,reject,Image is out of focus. Please refocus and ensure patient is still.; Uneven illumination detected. Check flash intensity and alignment.; Incomplete field of view. Ensure proper alignment with pupil.
15792_right.jpeg,fov_misalignment,0.16821688613941652,0.0002539253678978561,0.14608555329094813,0.4679414893617021,reject,Image is out of focus. Please refocus and ensure patient is still.; Uneven illumination detected. Check flash intensity and alignment.; Incomplete field of view. Ensure proper alignment with pupil.
15792_right.jpeg,jpeg_q25,0.43745116155882313,0.00028911610262703715,0.9147565819474347,0.46868284574468083,good,
31749_right.jpeg,baseline,0.4406414690801508,0.00016650160856024438,0.8990816396329812,0.5035851782607329,good,
31749_right.jpeg,defocus_blur,0.4412698345315882,2.6033148463576817e-05,0.899146132990894,0.5062330989015597,good,
31749_right.jpeg,low_light,0.43960954832246635,5.557539617410268e-05,0.8969587818561366,0.5026069780573956,good,
31749_right.jpeg,uneven_illumination,0.31804981332792615,7.253638170882426e-05,0.5495098848269193,0.5027693563432836,reject,Image is out of focus. Please refocus and ensure patient is still.; Uneven illumination detected. Check flash intensity and alignment.
31749_right.jpeg,fov_misalignment,0.17971625705930905,0.0001582365850420344,0.15852540616007885,0.4966762810770585,reject,Image is out of focus. Please refocus and ensure patient is still.; Uneven illumination detected. Check flash intensity and alignment.; Incomplete field of view. Ensure proper alignment with pupil.
31749_right.jpeg,jpeg_q25,0.43934470386274505,0.00018462712638569478,0.8952314743129387,0.503759348010649,good,
2311_right.jpeg,baseline,0.4144136929772515,0.0004485036989318895,0.8282060631187544,0.4974486776244589,good,
2311_right.jpeg,defocus_blur,0.4148293282344988,1.9279250421777332e-05,0.8282477379058454,0.49973963306913677,good,
2311_right.jpeg,low_light,0.4136032853568451,0.00011327785529018673,0.826621567799727,0.49696170193929845,good,
2311_right.jpeg,uneven_illumination,0.32556769798316737,0.00015218424024037797,0.5749980948705737,0.49702996432948177,reject,Image is out of focus. Please refocus and ensure patient is still.; Uneven illumination detected. Check flash intensity and alignment.; Incomplete field of view. Ensure proper alignment with pupil.
2311_right.jpeg,fov_misalignment,0.17310653788124342,0.00044272022947700675,0.14242630049671626,0.4923209784624077,reject,Image is out of focus. Please refocus and ensure patient is still.; Uneven illumination detected. Check flash intensity and alignment.; Incomplete field of view. Ensure proper alignment with pupil.
2311_right.jpeg,jpeg_q25,0.41334693073905804,0.0002623423936789862,0.8252762955396767,0.49758116137079833,good,
30103_right.jpeg,baseline,0.38719131606365126,0.0008202088473896337,0.7664237089115814,0.4744597376225677,good,
30103_right.jpeg,defocus_blur,0.38751981999662344,2.6771515951675784e-05,0.7664168963736507,0.4770527906378601,good,
30103_right.jpeg,low_light,0.3858132570965511,0.00020185538348470227,0.7636243791417052,0.4738559289742417,good,
30103_right.jpeg,uneven_illumination,0.30984465991968346,0.00028923447748107847,0.5464102857975375,0.47394146439821166,reject,Image is out of focus. Please refocus and ensure patient is still.; Uneven illumination detected. Check flash intensity and alignment.; Incomplete field of view. Ensure proper alignment with pupil.
30103_right.jpeg,fov_misalignment,0.1515779482735291,0.0007933902261196076,0.09599090755921914,0.4706550981494183,reject,Image is out of focus. Please refocus and ensure patient is still.; Uneven illumination detected. Check flash intensity and alignment.; Incomplete field of view. Ensure proper alignment with pupil.
30103_right.jpeg,jpeg_q25,0.3868248622509665,0.00026943350408606257,0.7658704952936406,0.47464966198623176,good,
32938_right.jpeg,baseline,0.47782951315091976,0.0003743355074226072,0.8511607067966577,0.7190941262764823,good,
32938_right.jpeg,defocus_blur,0.4779380545710653,5.032934895409897e-05,0.8511639506397244,0.7200421604303205,good,
32938_right.jpeg,low_light,0.4763662912470129,0.00012604376176058522,0.8500244572765638,0.7152292547820455,good,
32938_right.jpeg,uneven_illumination,0.39912598865869053,0.00016679995772371517,0.6291086476498002,0.715484967992684,good,
32938_right.jpeg,fov_misalignment,0.26497175275152607,0.0003361161572391317,0.2885764088015202,0.6553422528323934,reject,Image is out of focus. Please refocus and ensure patient is still.; Uneven illumination detected. Check flash intensity and alignment.
32938_right.jpeg,jpeg_q25,0.47746324766325643,0.0002405832849684609,0.8502928932054002,0.7190580069095158,good,
23380_right.jpeg,baseline,0.3413153519916148,0.009548340484042609,0.6727683373539387,0.4081083908964768,usable,
23380_right.jpeg,defocus_blur,0.3393892618453327,0.00015934186342764103,0.6727871510112666,0.4154000889840734,usable,
23380_right.jpeg,low_light,0.3374770287196035,0.002073698024750791,0.671154471296339,0.40697393822393824,usable,
23380_right.jpeg,uneven_illumination,0.2579172747345484,0.003249022698989434,0.44236333580762116,0.4071619924891409,reject,Image is out of focus. Please refocus and ensure patient is still.; Uneven illumination detected. Check flash intensity and alignment.; Incomplete field of view. Ensure proper alignment with pupil.
23380_right.jpeg,fov_misalignment,0.11907726057932386,0.008911437604993879,0.04419645450681205,0.40017570583976836,reject,Image is out of focus. Please refocus and ensure patient is still.; Uneven illumination detected. Check flash intensity and alignment.; Incomplete field of view. Ensure proper alignment with pupil.
23380_right.jpeg,jpeg_q25,0.34057873190806726,0.005659413306430652,0.6744857256827712,0.4089798503861004,usable,
31743_right.jpeg,baseline,0.47663295643504255,0.0004348273458457661,0.8345246389118065,0.737501607510288,good,
31743_right.jpeg,defocus_blur,0.476619959020523,4.707072704402894e-05,0.8345116238445855,0.738088249536402,good,
31743_right.jpeg,low_light,0.4729414863097659,0.00014063470930143662,0.832715098280692,0.7257397921112128,good,
31743_right.jpeg,uneven_illumination,0.41790041973770276,0.00018516082114418582,0.6751843705438588,0.726047302875578,good,
31743_right.jpeg,fov_misalignment,0.26289253227703,0.00039228984788577096,0.2760226061381333,0.6645108167581162,reject,Image is out of focus. Please refocus and ensure patient is still.; Uneven illumination detected. Check flash intensity and alignment.
31743_right.jpeg,jpeg_q25,0.47643273323562396,0.00027757380882007947,0.8336085034324666,0.7382349100429304,good,
43630_right.jpeg,baseline,0.4783983485336735,0.0005491009124456661,0.831240991307318,0.7489774448445359,good,
43630_right.jpeg,defocus_blur,0.47832051131508546,5.132215166637061e-05,0.8312296977350402,0.7494783529886196,good,
43630_right.jpeg,low_light,0.47338825506407545,0.0001646583016064043,0.8300075799591005,0.7312789550309912,good,
43630_right.jpeg,uneven_illumination,0.4069564111888404,0.0002250582632349835,0.6398911643830564,0.7316179213979068,good,
43630_right.jpeg,fov_misalignment,0.2750183995882828,0.0004936693509704065,0.3054692845892555,0.6716267289666209,reject,Image is out of focus. Please refocus and ensure patient is still.; Uneven illumination detected. Check flash intensity and alignment.
43630_right.jpeg,jpeg_q25,0.47843617691034435,0.0002873992511347597,0.8309377510186128,0.749972017413504,good,
19463_right.jpeg,baseline,0.40771508974177756,0.00022804362660053707,0.8184837277972208,0.4846182702484403,good,
19463_right.jpeg,defocus_blur,0.4083668479251323,1.6201654733693758e-05,0.8184893702769209,0.4875563506652661,good,
19463_right.jpeg,low_light,0.40721057763773105,6.324023795912313e-05,0.8175801386125515,0.48412893211261776,good,
19463_right.jpeg,uneven_illumination,0.29797982686094393,8.497857104168146e-05,0.505412370801573,0.4842060226079068,reject,Image is out of focus. Please refocus and ensure patient is still.; Uneven illumination detected. Check flash intensity and alignment.; Incomplete field of view. Ensure proper alignment with pupil.
19463_right.jpeg,fov_misalignment,0.16414764981998228,0.00021555933267578865,0.12596142436317043,0.4798997102392093,reject,Image is out of focus. Please refocus and ensure patient is still.; Uneven illumination detected. Check flash intensity and alignment.; Incomplete field of view. Ensure proper alignment with pupil.
19463_right.jpeg,jpeg_q25,0.40746441677502365,0.00018752570496438257,0.8176470329476363,0.4848517798454609,good,
41728_right.jpeg,baseline,0.3677537777859731,0.0025608627469341553,0.5633976929630569,0.6781609606005182,usable,
41728_right.jpeg,defocus_blur,0.36791146959785725,0.00010090949515319047,0.563365070585913,0.6827733243789057,usable,
41728_right.jpeg,low_light,0.36499969705518187,0.0006188369195882674,0.558164827378498,0.6775778908194889,usable,
41728_right.jpeg,uneven_illumination,0.3001514028944181,0.0010654235751602567,0.37238962057052577,0.67755546505868,reject,Image is out of focus. Please refocus and ensure patient is still.; Uneven illumination detected. Check flash intensity and alignment.
41728_right.jpeg,fov_misalignment,0.22783604221494613,0.0018161884563162322,0.20389373388203255,0.6229870398948331,reject,Image is out of focus. Please refocus and ensure patient is still.; Uneven illumination detected. Check flash intensity and alignment.
41728_right.jpeg,jpeg_q25,0.3684473494277828,0.0023054439705259395,0.5654267047170226,0.6785033007544582,good,
35564_left.jpeg,baseline,0.46872046374983756,0.0004983199132069621,0.8077243976660268,0.7432703864057817,good,
35564_left.jpeg,defocus_blur,0.4685771674088682,4.226328111157429e-05,0.8077388718011054,0.7434066278641467,good,
35564_left.jpeg,low_light,0.46228268214637536,0.00015287553253836658,0.806448243577754,0.7198585867245847,good,
35564_left.jpeg,uneven_illumination,0.33603202980079033,0.00020663251178106427,0.4432197713049625,0.7232898273573642,usable,
35564_left.jpeg,fov_misalignment,0.25653344175730786,0.000445774961494142,0.25541944622640356,0.667833302373876,reject,Image is out of focus. Please refocus and ensure patient is still.; Uneven illumination detected. Check flash intensity and alignment.
35564_left.jpeg,jpeg_q25,0.4692442621407742,0.0002073974791399987,0.8088121355461338,0.7443082228318854,good,
36197_right.jpeg,baseline,0.5046114984736243,0.00047990392583459297,0.9249723347683959,0.7227168789374079,good,
36197_right.jpeg,defocus_blur,0.504465631933348,3.857995441766853e-05,0.9249736142215864,0.7228377398961032,good,
36197_right.jpeg,low_light,0.5018449781687346,0.00014803056220835594,0.9243928817259381,0.7129930293590916,good,
36197_right.jpeg,uneven_illumination,0.38372085335828154,0.00019940281222251193,0.5865940561459657,0.7133326903292181,good,
36197_right.jpeg,fov_misalignment,0.26208241561289486,0.0004310281948984325,0.2796329787642397,0.6561538470698064,reject,Image is out of focus. Please refocus and ensure patient is still.; Uneven illumination detected. Check flash intensity and alignment.
36197_right.jpeg,jpeg_q25,0.5047994726360807,0.00016319220725135043,0.9251290560305624,0.7237561045699334,good,
22548_right.jpeg,baseline,0.4839905169400617,0.0005506476133597812,0.8453075393719715,0.751650476458111,good,
22548_right.jpeg,defocus_blur,0.48397275395966505,5.346324158550607e-05,0.8452939107651907,0.7523939995808566,good,
22548_right.jpeg,low_light,0.4795802455918572,0.0001670372901533886,0.8438359698395191,0.7366833649278566,good,
22548_right.jpeg,uneven_illumination,0.4031270377598596,0.00022702387024537226,0.6249708223854669,0.7371857615073921,good,
22548_right.jpeg,fov_misalignment,0.26703413072685256,0.0004886790901521594,0.28217876596414654,0.6723043640133618,reject,Image is out of focus. Please refocus and ensure patient is still.; Uneven illumination detected. Check flash intensity and alignment.
22548_right.jpeg,jpeg_q25,0.48411454967645484,0.0003709694521524127,0.8445694911304497,0.753467359999746,good,
1125_right.jpeg,baseline,0.35891362249768133,0.0007091901804876813,0.6807924653107608,0.48141033426688007,usable,
1125_right.jpeg,defocus_blur,0.35926500067755796,2.6096033190059613e-05,0.6807374466523486,0.48398582374383986,usable,
1125_right.jpeg,low_light,0.3572439297480958,0.00017862089641507695,0.6771091150225886,0.48073716452649495,usable,
1125_right.jpeg,uneven_illumination,0.2715853969745315,0.0002659499706974307,0.4322727716352993,0.4807341876555911,reject,Image is out of focus. Please refocus and ensure patient is still.; Uneven illumination detected. Check flash intensity and alignment.; Incomplete field of view. Ensure proper alignment with pupil.
1125_right.jpeg,fov_misalignment,0.1505870037306741,0.0006880311077564093,0.08850273708015191,0.4773433332380735,reject,Image is out of focus. Please refocus and ensure patient is still.; Uneven illumination detected. Check flash intensity and alignment.; Incomplete field of view. Ensure proper alignment with pupil.
1125_right.jpeg,jpeg_q25,0.35797171685319484,0.00021590226817041423,0.6785585344889608,0.4815594754991617,usable,
17353_left.jpeg,baseline,0.4753365610916467,0.00026421859570955225,0.8300947536611373,0.7387908394878593,good,
17353_left.jpeg,defocus_blur,0.47543096841872934,3.303556026992923e-05,0.8300706153836741,0.7395721552413416,good,
17353_left.jpeg,low_light,0.47362977462070477,9.574633263005947e-05,0.8279218978471503,0.7352752473646005,good,
17353_left.jpeg,uneven_illumination,0.34012281997051885,0.00012358703785360822,0.4462213638749297,0.7355836311966082,usable,
17353_left.jpeg,fov_misalignment,0.26269945015926627,0.00023537949508464873,0.2760636069454273,0.6639321437213315,reject,Image is out of focus. Please refocus and ensure patient is still.; Uneven illumination detected. Check flash intensity and alignment.
17353_left.jpeg,jpeg_q25,0.4741776862104013,0.0001417771455695374,0.8269450442479542,0.7387608394615579,good,
12532_right.jpeg,baseline,0.3840480199908095,0.0003821822900872133,0.7415140895734312,0.4974608628962949,good,
12532_right.jpeg,defocus_blur,0.3845486509091009,2.1002058848227205e-05,0.7415476571140277,0.49999428038260757,good,
12532_right.jpeg,low_light,0.38317206030405465,9.872705668446367e-05,0.739662087322048,0.4970033556746562,good,
12532_right.jpeg,uneven_illumination,0.2859715866779353,0.00012918256378475958,0.46187158701191583,0.4970594327930036,reject,Image is out of focus. Please refocus and ensure patient is still.; Uneven illumination detected. Check flash intensity and alignment.; Incomplete field of view. Ensure proper alignment with pupil.
12532_right.jpeg,fov_misalignment,0.1631526270668439,0.00037128828650645143,0.1149071282458132,0.4911464674648268,reject,Image is out of focus. Please refocus and ensure patient is still.; Uneven illumination detected. Check flash intensity and alignment.; Incomplete field of view. Ensure proper alignment with pupil.
12532_right.jpeg,jpeg_q25,0.3839013229612131,0.0002587381501457133,0.7411228408605015,0.4976193335999172,good,
11654_left.jpeg,baseline,0.44674106080990605,0.0021946154490743476,0.7987467528367814,0.6652074045496114,good,
11654_left.jpeg,defocus_blur,0.446941084275933,8.852053733036972e-05,0.7986549261195202,0.6695058076766753,good,
11654_left.jpeg,low_light,0.445000997736713,0.0005433711126418792,0.7960234741103881,0.6647017334120815,good,
11654_left.jpeg,uneven_illumination,0.39064769784740666,0.0007562866486075543,0.6405096650301839,0.6646672017095971,good,
11654_left.jpeg,fov_misalignment,0.2461360453822905,0.0018532696153821496,0.26243925620895436,0.6141639914520144,reject,Image is out of focus. Please refocus and ensure patient is still.; Uneven illumination detected. Check flash intensity and alignment.
11654_left.jpeg,jpeg_q25,0.4462632841544334,0.001820617770520733,0.79759845354125,0.6655023132271504,good,
18097_right.jpeg,baseline,0.3889899721676017,0.0005767501426877532,0.770678142393762,0.4760876890908398,good,
18097_right.jpeg,defocus_blur,0.389295467712907,3.0276012326765767e-05,0.7705034486366621,0.47842860114057817,good,
18097_right.jpeg,low_light,0.38746973116635663,0.000151493575860851,0.7672994551291078,0.4754172977632983,good,
18097_right.jpeg,uneven_illumination,0.29380008711409517,0.00020659817794628317,0.49952195684885853,0.4755390517832647,reject,Image is out of focus. Please refocus and ensure patient is still.; Uneven illumination detected. Check flash intensity and alignment.; Incomplete field of view. Ensure proper alignment with pupil.
18097_right.jpeg,fov_misalignment,0.15232517531467882,0.0005698164156869211,0.09734242694327765,0.4721095972730275,reject,Image is out of focus. Please refocus and ensure patient is still.; Uneven illumination detected. Check flash intensity and alignment.; Incomplete field of view. Ensure proper alignment with pupil.
18097_right.jpeg,jpeg_q25,0.3882925262034723,0.00025632907746302635,0.7689488622181598,0.4762315711845247,good,
26511_left.jpeg,baseline,0.46329047696729075,0.0006195446312414674,0.7853860512761546,0.75263016467256,good,
26511_left.jpeg,defocus_blur,0.4631107062942368,5.2646955301541266e-05,0.7853795403729082,0.7528272335263934,good,
26511_left.jpeg,low_light,0.461327735357387,0.000181057629238332,0.783750164947515,0.7477710182962455,good,
26511_left.jpeg,uneven_illumination,0.33799369651048594,0.0002500350364412364,0.43123244284472984,0.7478493100010161,usable,
26511_left.jpeg,fov_misalignment,0.25564133133774675,0.0005512741306280286,0.2499201186508821,0.6717951206307473,reject,Image is out of focus. Please refocus and ensure patient is still.; Uneven illumination detected. Check flash intensity and alignment.
26511_left.jpeg,jpeg_q25,0.46268453196643844,0.00036683182741053546,0.7840767740121047,0.7524437133249504,good,
12768_right.jpeg,baseline,0.4634653839376899,0.0016895621075094498,0.7655471721729514,0.7793921953366126,good,
12768_right.jpeg,defocus_blur,0.46284502702735697,6.747853874617757e-05,0.7655285127816586,0.7795322245531121,good,
12768_right.jpeg,low_light,0.4592316595536826,0.00041944222986796766,0.7640300267189445,0.7666134932404193,good,
12768_right.jpeg,uneven_illumination,0.40727620635843287,0.0006092922397033989,0.6146921701669702,0.767560919616448,good,
12768_right.jpeg,fov_misalignment,0.3021580471091592,0.0014703117878075362,0.3664665609631378,0.693226504227752,reject,Image is out of focus. Please refocus and ensure patient is still.; Uneven illumination detected. Check flash intensity and alignment.
12768_right.jpeg,jpeg_q25,0.46292964252829294,0.00041434508054211447,0.764448726691877,0.7808274006156765,good,
27445_right.jpeg,baseline,0.3748335065458547,0.00032429425801768435,0.7246369243549118,0.484323461273714,good,
27445_right.jpeg,defocus_blur,0.3754189580922985,1.726539000068379e-05,0.7246524057241757,0.4871348397313471,good,
27445_right.jpeg,low_light,0.3739605306120676,8.48978913962993e-05,0.72271880351027,0.4838999609076585,good,
27445_right.jpeg,uneven_illumination,0.27954135614866815,0.00011057811739130743,0.45288574735061515,0.48394845331598546,reject,Image is out of focus. Please refocus and ensure patient is still.; Uneven illumination detected. Check flash intensity and alignment.; Incomplete field of view. Ensure proper alignment with pupil.
27445_right.jpeg,fov_misalignment,0.15797009646021767,0.00031475393436330187,0.10831824952909941,0.47973123020515024,reject,Image is out of focus. Please refocus and ensure patient is still.; Uneven illumination detected. Check flash intensity and alignment.; Incomplete field of view. Ensure proper alignment with pupil.
27445_right.jpeg,jpeg_q25,0.3744325298555315,0.0002201680656623565,0.7234433522407635,0.48455715737999744,good,
29930_right.jpeg,baseline,0.42334269023431303,0.003079803514736943,0.6649546892121474,0.7575065104166666,good,
29930_right.jpeg,defocus_blur,0.42314758830963906,8.892118930774544e-05,0.6649309139506975,0.7615447998046875,good,
29930_right.jpeg,low_light,0.42037583264359346,0.0007130314283786962,0.6596843411569265,0.7568044026692708,good,
29930_right.jpeg,uneven_illumination,0.3124239607784732,0.001535235220857161,0.35019682777351224,0.7569639078776041,reject,Image is out of focus. Please refocus and ensure patient is still.; Uneven illumination detected. Check flash intensity and alignment.
29930_right.jpeg,fov_misalignment,0.25474022289227144,0.0015390106370338833,0.2446472606996565,0.6739923095703125,reject,Image is out of focus. Please refocus and ensure patient is still.; Uneven illumination detected. Check flash intensity and alignment.
29930_right.jpeg,jpeg_q25,0.4227016852218657,0.0016784870989958642,0.6643345617599751,0.7580527750651042,good,
1924_left.jpeg,baseline,0.3571163394393804,0.0016225343764429082,0.4776518027027564,0.7571567789713541,usable,
1924_left.jpeg,defocus_blur,0.3573540849095494,9.927997986414993e-05,0.47770377357968635,0.7604722086588541,usable,
1924_left.jpeg,low_light,0.3529952855183576,0.0004265449938355535,0.4676625894010133,0.756571044921875,usable,
1924_left.jpeg,uneven_illumination,0.4945107843798161,0.0004888952189078871,0.8717819651411841,0.7567661539713542,good,
1924_left.jpeg,fov_misalignment,0.29289742795057017,0.001364881048010914,0.353951429113054,0.6738739013671875,reject,Image is out of focus. Please refocus and ensure patient is still.; Uneven illumination detected. Check flash intensity and alignment.
1924_left.jpeg,jpeg_q25,0.3568377034427954,0.0013414950833711779,0.47682361032163406,0.7576513671875,usable,
39328_right.jpeg,baseline,0.3853352975429153,0.0006173930607777497,0.7601579416778926,0.47613224292536704,good,
39328_right.jpeg,defocus_blur,0.38570483574555703,3.0115501230312967e-05,0.7600046911026214,0.47876459063658994,good,
39328_right.jpeg,low_light,0.3838441818136118,0.0001605188997196438,0.756844027902766,0.4755382579510237,good,
39328_right.jpeg,uneven_illumination,0.29106249480416124,0.00022194727370348263,0.49160830093844354,0.4756432422648986,reject,Image is out of focus. Please refocus and ensure patient is still.; Uneven illumination detected. Check flash intensity and alignment.; Incomplete field of view. Ensure proper alignment with pupil.
39328_right.jpeg,fov_misalignment,0.15019451470562187,0.0006091542720514069,0.09109703007015336,0.4722675698889905,reject,Image is out of focus. Please refocus and ensure patient is still.; Uneven illumination detected. Check flash intensity and alignment.; Incomplete field of view. Ensure proper alignment with pupil.
39328_right.jpeg,jpeg_q25,0.3844511909277756,0.0002919750359564868,0.7579174289574853,0.4762532031130925,good,
24644_right.jpeg,baseline,0.3186852083422108,0.008347203618275692,0.6091034308828377,0.40864050434362936,reject,Image is out of focus. Please refocus and ensure patient is still.; Incomplete field of view. Ensure proper alignment with pupil.
24644_right.jpeg,defocus_blur,0.3170966084772212,0.00014202929579445333,0.6089904265332984,0.41557258988899615,reject,Image is out of focus. Please refocus and ensure patient is still.; Incomplete field of view. Ensure proper alignment with pupil.
24644_right.jpeg,low_light,0.3151083716599672,0.0018276578195571638,0.6072585823270863,0.4073472188706564,reject,Image is out of focus. Please refocus and ensure patient is still.; Incomplete field of view. Ensure proper alignment with pupil.
24644_right.jpeg,uneven_illumination,0.24279473970332255,0.0028732664649868287,0.3992700848650072,0.40760361365830117,reject,Image is out of focus. Please refocus and ensure patient is still.; Uneven illumination detected. Check flash intensity and alignment.; Incomplete field of view. Ensure proper alignment with pupil.
24644_right.jpeg,fov_misalignment,0.11752243810683456,0.0077095190472886025,0.04077087380511364,0.4006752986245174,reject,Image is out of focus. Please refocus and ensure patient is still.; Uneven illumination detected. Check flash intensity and alignment.; Incomplete field of view. Ensure proper alignment with pupil.
24644_right.jpeg,jpeg_q25,0.31773941870865,0.004452151130566175,0.6104658492542534,0.4091820440697394,reject,Image is out of focus. Please refocus and ensure patient is still.; Incomplete field of view. Ensure proper alignment with pupil.
23010_left.jpeg,baseline,0.4196211520123644,0.0005561163466102998,0.8576290445806111,0.47691415948202565,good,
23010_left.jpeg,defocus_blur,0.4200251607351147,2.07720425841215e-05,0.8576306168415602,0.47938454409414005,good,
23010_left.jpeg,low_light,0.4189056034154436,0.0001364210930439713,0.8563960698309241,0.4764496421496106,good,
23010_left.jpeg,uneven_illumination,0.38358920907835997,0.00018990272752415346,0.7553842286753598,0.47651507180389757,good,
23010_left.jpeg,fov_misalignment,0.16231865913117832,0.0005487151968565006,0.12441867084549368,0.47421055302605175,reject,Image is out of focus. Please refocus and ensure patient is still.; Uneven illumination detected. Check flash intensity and alignment.; Incomplete field of view. Ensure proper alignment with pupil.
23010_left.jpeg,jpeg_q25,0.4194353486363388,0.00016909299846551624,0.8574737794618352,0.4770075545012414,good,
25525_right.jpeg,baseline,0.3804620862894449,0.0006978565649781049,0.7475078432398529,0.47422079411802065,good,
25525_right.jpeg,defocus_blur,0.3807420547111471,2.5842143755228662e-05,0.7474883885270167,0.4764431274767566,good,
25525_right.jpeg,low_light,0.3789246717778471,0.00017667315040883667,0.7441513745535402,0.4736040856957781,good,
25525_right.jpeg,uneven_illumination,0.29967476211741984,0.00024664036222232837,0.5176251666069451,0.4736291906404003,reject,Image is out of focus. Please refocus and ensure patient is still.; Uneven illumination detected. Check flash intensity and alignment.; Incomplete field of view. Ensure proper alignment with pupil.
25525_right.jpeg,fov_misalignment,0.1478410230888782,0.0006866319785832309,0.08542018211903066,0.47067722622313674,reject,Image is out of focus. Please refocus and ensure patient is still.; Uneven illumination detected. Check flash intensity and alignment.; Incomplete field of view. Ensure proper alignment with pupil.
25525_right.jpeg,jpeg_q25,0.37981171661068336,0.00018621915192172927,0.7461279140559903,0.47436983612127215,good,
24167_left.jpeg,baseline,0.44321943779319595,0.0004512827089199693,0.7305113899590084,0.7494397528959,good,
24167_left.jpeg,defocus_blur,0.4433654397575365,4.994479778128945e-05,0.7305049933712847,0.7506748566338973,good,
24167_left.jpeg,low_light,0.43948878719641465,0.00014632040969497014,0.728515458786033,0.7377993938297007,good,
24167_left.jpeg,uneven_illumination,0.32484674690323345,0.0001981313315638463,0.4011416693851729,0.7374716403431896,reject,Image is out of focus. Please refocus and ensure patient is still.; Uneven illumination detected. Check flash intensity and alignment.
24167_left.jpeg,fov_misalignment,0.24867077752408373,0.0003922870264551608,0.23152015534741413,0.6699272333676269,reject,Image is out of focus. Please refocus and ensure patient is still.; Uneven illumination detected. Check flash intensity and alignment.
24167_left.jpeg,jpeg_q25,0.4433627962503126,0.00027596887017617295,0.7303163132777716,0.7505667962200884,good,
16916_right.jpeg,baseline,0.4018435661765311,0.00039844172774217146,0.7922651881064382,0.4975654945927235,good,
16916_right.jpeg,defocus_blur,0.40227194774485764,1.5896501000706238e-05,0.7922850040697891,0.4998633508801248,good,
16916_right.jpeg,low_light,0.4007680338329704,0.00010219476246010648,0.7898819768113946,0.49707385617599315,good,
16916_right.jpeg,uneven_illumination,0.29731964093839275,0.00013846513305809923,0.4942393615318842,0.4971219133960402,reject,Image is out of focus. Please refocus and ensure patient is still.; Uneven illumination detected. Check flash intensity and alignment.; Incomplete field of view. Ensure proper alignment with pupil.
16916_right.jpeg,fov_misalignment,0.1643597987937717,0.00039065822521697273,0.11771235570728424,0.49201684402454166,reject,Image is out of focus. Please refocus and ensure patient is still.; Uneven illumination detected. Check flash intensity and alignment.; Incomplete field of view. Ensure proper alignment with pupil.
16916_right.jpeg,jpeg_q25,0.40101044628154303,0.00021068296241863883,0.7900116344209974,0.497688404196906,good,
40215_right.jpeg,baseline,0.46494441128899966,0.0005665418027787191,0.7977882641445111,0.7419676084692374,good,
40215_right.jpeg,defocus_blur,0.46481912838669126,5.064154385206221e-05,0.7977954430492504,0.7422818668076513,good,
40215_right.jpeg,low_light,0.4613211332044681,0.00016823914213439427,0.7961419961859318,0.7304165555301529,good,
40215_right.jpeg,uneven_illumination,0.4024449359927824,0.0002294916150863721,0.6277478993447265,0.7305654983043743,good,
40215_right.jpeg,fov_misalignment,0.2705156208179147,0.0005065048927390067,0.2950325519193507,0.6682065027561855,reject,Image is out of focus. Please refocus and ensure patient is still.; Uneven illumination detected. Check flash intensity and alignment.
40215_right.jpeg,jpeg_q25,0.46460570018626457,0.00028521044064779564,0.7964589895767468,0.7429238786325764,good,
13677_right.jpeg,baseline,0.4182494129306807,0.0002506918883420807,0.860401051116484,0.4680350731382979,good,
13677_right.jpeg,defocus_blur,0.4187720558443077,4.0122782066970354e-05,0.8604168106461766,0.4704404920212766,good,
13677_right.jpeg,low_light,0.41675619033404737,8.8503463282311e-05,0.857407516297296,0.4665126329787234,good,
13677_right.jpeg,uneven_illumination,0.3043729440794194,0.00011374726129258149,0.5361721885316361,0.4666687167553191,reject,Image is out of focus. Please refocus and ensure patient is still.; Uneven illumination detected. Check flash intensity and alignment.; Incomplete field of view. Ensure proper alignment with pupil.
13677_right.jpeg,fov_misalignment,0.1653994722232327,0.0002500805545346039,0.13833274650861316,0.467531914893617,reject,Image is out of focus. Please refocus and ensure patient is still.; Uneven illumination detected. Check flash intensity and alignment.; Incomplete field of view. Ensure proper alignment with pupil.
13677_right.jpeg,jpeg_q25,0.4172925160257692,0.00024728707157685887,0.857612416794256,0.46811702127659577,good,
26626_right.jpeg,baseline,0.37182440053279714,0.000259343573387633,0.7298271320432693,0.4651246675531915,good,
26626_right.jpeg,defocus_blur,0.37233298723267044,4.244275349953316e-05,0.7298597154966395,0.4674604388297872,good,
26626_right.jpeg,low_light,0.36954826070276,9.04446520272182e-05,0.724604953636572,0.46360139627659575,good,
26626_right.jpeg,uneven_illumination,0.2759965698980993,0.00011763353464343313,0.45720129234859397,0.4637162566489362,reject,Image is out of focus. Please refocus and ensure patient is still.; Uneven illumination detected. Check flash intensity and alignment.; Incomplete field of view. Ensure proper alignment with pupil.
26626_right.jpeg,fov_misalignment,0.15737742332865842,0.00025874344357339825,0.11740831046855721,0.46472406914893616,reject,Image is out of focus. Please refocus and ensure patient is still.; Uneven illumination detected. Check flash intensity and alignment.; Incomplete field of view. Ensure proper alignment with pupil.
26626_right.jpeg,jpeg_q25,0.3698361263197145,0.0002164908150517061,0.7240783731202802,0.46528839760638296,good,
21674_right.jpeg,baseline,0.5097920546993193,0.0005005257434286465,0.9285123850196747,0.7384500385802469,good,
21674_right.jpeg,defocus_blur,0.5098417562780013,5.129601439468956e-05,0.928495518255691,0.7393912259310065,good,
21674_right.jpeg,low_light,0.5067033435743655,0.00015520665800527894,0.9277729633324885,0.7276828949791698,good,
21674_right.jpeg,uneven_illumination,0.3844680973266401,0.00020981641423893426,0.5784822302186328,0.7276615607376924,good,
21674_right.jpeg,fov_misalignment,0.2501290516955711,0.0004529382433332567,0.23976773324464393,0.6641166790504496,reject,Image is out of focus. Please refocus and ensure patient is still.; Uneven illumination detected. Check flash intensity and alignment.
21674_right.jpeg,jpeg_q25,0.5096323823566917,0.00036943569325723676,0.9274231493568217,0.7395460232180053,good,
15489_right.jpeg,baseline,0.3775005346106751,0.0003244780596158471,0.7538590626021857,0.4540802859042553,good,
15489_right.jpeg,defocus_blur,0.3780552428247447,3.7255732275987435e-05,0.7538365257596482,0.4567902260638298,good,
15489_right.jpeg,low_light,0.37585546476723575,0.00010866924128741796,0.7499653183783512,0.45329654255319146,good,
15489_right.jpeg,uneven_illumination,0.27688462959906707,0.00014172915885652445,0.46712023870636177,0.45334341755319146,reject,Image is out of focus. Please refocus and ensure patient is still.; Uneven illumination detected. Check flash intensity and alignment.; Incomplete field of view. Ensure proper alignment with pupil.
15489_right.jpeg,fov_misalignment,0.1534662930833605,0.0003217875250752234,0.11412987732197744,0.4535684840425532,reject,Image is out of focus. Please refocus and ensure patient is still.; Uneven illumination detected. Check flash intensity and alignment.; Incomplete field of view. Ensure proper alignment with pupil.
15489_right.jpeg,jpeg_q25,0.3742399893881099,0.00033810998131755034,0.7444070090709664,0.4542491688829787,good,
7621_left.jpeg,baseline,0.47119111781537315,0.0006230577138970221,0.8026720588149943,0.7600266965782655,good,
7621_left.jpeg,defocus_blur,0.4711149491085153,5.1533608041382295e-05,0.8026639088245223,0.7606478703068638,good,
7621_left.jpeg,low_light,0.46615192260192123,0.0001810522432905688,0.8013058256883011,0.7424898508547986,good,
7621_left.jpeg,uneven_illumination,0.3410672710197783,0.0002523697312819571,0.4435777074199589,0.7428565021211198,usable,
7621_left.jpeg,fov_misalignment,0.2549660800594701,0.0005524832597671836,0.24407358638215726,0.6772773260872327,reject,Image is out of focus. Please refocus and ensure patient is still.; Uneven illumination detected. Check flash intensity and alignment.
7621_left.jpeg,jpeg_q25,0.4713268811467398,0.0003388758583643448,0.8025212281151909,0.7612356038523092,good,
20761_right.jpeg,baseline,0.3885555700269946,0.0016492787989587222,0.752563810362755,0.4979940995217875,good,
20761_right.jpeg,defocus_blur,0.38895810960876387,4.4519554233668384e-05,0.7525034586755343,0.5022563650025338,good,
20761_right.jpeg,low_light,0.3872425027575728,0.0003877949857405368,0.7507529421850341,0.49729541999405874,good,
20761_right.jpeg,uneven_illumination,0.2871763146317726,0.0005540183780333714,0.46456398953597,0.49742924377187925,reject,Image is out of focus. Please refocus and ensure patient is still.; Uneven illumination detected. Check flash intensity and alignment.; Incomplete field of view. Ensure proper alignment with pupil.
20761_right.jpeg,fov_misalignment,0.16552616037323892,0.001591306113810608,0.12156826870879264,0.48936297551854896,reject,Image is out of focus. Please refocus and ensure patient is still.; Uneven illumination detected. Check flash intensity and alignment.; Incomplete field of view. Ensure proper alignment with pupil.
20761_right.jpeg,jpeg_q25,0.38816778913786976,0.000480068069648598,0.7526227718097184,0.4982311671064358,good,
35817_left.jpeg,baseline,0.4730264069464822,0.0004139475713827916,0.8253587707987455,0.7359410325534725,good,
35817_left.jpeg,defocus_blur,0.4730545926344393,4.602082998527004e-05,0.8253764727856204,0.7366176753099121,good,
35817_left.jpeg,low_light,0.47153395384618124,0.00013564673450799325,0.8243105192520024,0.7318840536567088,good,
35817_left.jpeg,uneven_illumination,0.3505816255215195,0.00018144488811120763,0.4785143850971094,0.732116051129147,usable,
35817_left.jpeg,fov_misalignment,0.25536936432054747,0.00036225147807668735,0.2567843333655064,0.6613997882055581,reject,Image is out of focus. Please refocus and ensure patient is still.; Uneven illumination detected. Check flash intensity and alignment.
35817_left.jpeg,jpeg_q25,0.472837218533201,0.00023566309281810042,0.8252208694924003,0.7356625958949348,good,
7794_right.jpeg,baseline,0.4807372353340167,0.0004050269548703011,0.8502330346050421,0.7319746497612153,good,
7794_right.jpeg,defocus_blur,0.4808334941540913,4.765511583920698e-05,0.8502302451429377,0.73293538523091,good,
7794_right.jpeg,low_light,0.47937092062051834,0.00013394092951556213,0.8489228470095516,0.7287773911814764,good,
7794_right.jpeg,uneven_illumination,0.4048992478584539,0.00018013186590273112,0.6359549997120535,0.7289717808514962,good,
7794_right.jpeg,fov_misalignment,0.25921274198801686,0.00035952166771342244,0.26670068607876196,0.6628947727734593,reject,Image is out of focus. Please refocus and ensure patient is still.; Uneven illumination detected. Check flash intensity and alignment.
7794_right.jpeg,jpeg_q25,0.4805786321120855,0.00026383755840845506,0.8498928322614974,0.7320424231887923,good,
43630_left.jpeg,baseline,0.4774714987056756,0.0005397052904120522,0.8241606778492813,0.7551975173690494,good,
43630_left.jpeg,defocus_blur,0.4772854644329355,4.863010148045337e-05,0.8241664942979794,0.7552309575522024,good,
43630_left.jpeg,low_light,0.4710036086721541,0.00016178446723919313,0.8231299714395007,0.7313736195257329,good,
43630_left.jpeg,uneven_illumination,0.3422885084577021,0.00021862084914019315,0.4521874712937197,0.7357417806609765,usable,
43630_left.jpeg,fov_misalignment,0.25914171692052146,0.0004844485515752676,0.2584214810184803,0.674001676573693,reject,Image is out of focus. Please refocus and ensure patient is still.; Uneven illumination detected. Check flash intensity and alignment.
43630_left.jpeg,jpeg_q25,0.4775539242308231,0.00026085413829028594,0.8239517242611397,0.7562659163364325,good,
31023_right.jpeg,baseline,0.464787154260811,0.005779031141756499,0.7617552449983457,0.78344482421875,good,
31023_right.jpeg,defocus_blur,0.4635988196837157,8.510293231785439e-05,0.7617250565803035,0.7878440348307292,good,
31023_right.jpeg,low_light,0.46192692702228766,0.001256631292984615,0.7592044468746729,0.7828108723958334,good,
31023_right.jpeg,uneven_illumination,0.3363907338817124,0.003079455281640342,0.39834945227356855,0.7829465738932292,usable,
31023_right.jpeg,fov_misalignment,0.2788958363599287,0.0026504111949233306,0.3015683968297798,0.6891469319661458,reject,Image is out of focus. Please refocus and ensure patient is still.; Uneven illumination detected. Check flash intensity and alignment.
31023_right.jpeg,jpeg_q25,0.46306083441374746,0.0026651639266623895,0.7599434627380484,0.7840582275390625,good,
17224_right.jpeg,baseline,0.5177234755246527,0.0005524595743003859,0.9457674198955385,0.7459355789259767,good,
17224_right.jpeg,defocus_blur,0.5177298788643517,5.0510562111298665e-05,0.9457562712962123,0.7467799187433318,good,
17224_right.jpeg,low_light,0.5149633845683704,0.00016624642272311654,0.9448978186078055,0.7367305979461972,good,
17224_right.jpeg,uneven_illumination,0.38911604239249115,0.00022440922318335286,0.5851908221829114,0.7368379637567952,good,
17224_right.jpeg,fov_misalignment,0.24621559208871435,0.0005071347180501165,0.22591787638825564,0.6677659258624193,reject,Image is out of focus. Please refocus and ensure patient is still.; Uneven illumination detected. Check flash intensity and alignment.
17224_right.jpeg,jpeg_q25,0.5180223405789823,0.0004232814182789601,0.9459620075805034,0.7470653014339785,good,
12459_left.jpeg,baseline,0.46308321565960536,0.0023513401191219024,0.8391219109023946,0.673800043184474,good,
12459_left.jpeg,defocus_blur,0.46346079702629506,9.508891325367571e-05,0.8392901114031308,0.6786848898795915,good,
12459_left.jpeg,low_light,0.46168435332912583,0.0005738241577037002,0.8375129821737035,0.6733011196209927,good,
12459_left.jpeg,uneven_illumination,0.38495466883841456,0.000784228809100466,0.6180210347742728,0.6733344605751156,good,
12459_left.jpeg,fov_misalignment,0.2815604834907973,0.00192093385804611,0.3592336193993649,0.6202413726312046,reject,Image is out of focus. Please refocus and ensure patient is still.; Uneven illumination detected. Check flash intensity and alignment.
12459_left.jpeg,jpeg_q25,0.46298974442011265,0.0019251020044636607,0.8390845510367227,0.674160443021897,good,
14958_left.jpeg,baseline,0.4591333268840848,0.0005651245257681128,0.7591105944786528,0.7728742760249961,good,
14958_left.jpeg,defocus_blur,0.45900357752740456,5.5015964781784825e-05,0.759089958534266,0.7732003426179952,good,
14958_left.jpeg,low_light,0.4538863924536428,0.00017261695987519498,0.7577845313583241,0.7543710387771173,good,
14958_left.jpeg,uneven_illumination,0.3502515671388783,0.00023445345228798782,0.4607003190587218,0.7556506963496418,usable,
14958_left.jpeg,fov_misalignment,0.2726050878198942,0.0005049309937961472,0.29074709329241644,0.6825665310801199,reject,Image is out of focus. Please refocus and ensure patient is still.; Uneven illumination detected. Check flash intensity and alignment.
14958_left.jpeg,jpeg_q25,0.4594802751213024,0.00043381584073476576,0.7588564276720409,0.774827996399177,good,
18788_right.jpeg,baseline,0.4382148425335563,0.00044569845326572374,0.9151508341857107,0.4709350847490052,good,
18788_right.jpeg,defocus_blur,0.4387211350146508,1.9837748065106086e-05,0.9151660300322355,0.47362035761656973,good,
18788_right.jpeg,low_light,0.4373514031938891,0.00011350328646927772,0.9133883396228617,0.47048033204519946,good,
18788_right.jpeg,uneven_illumination,0.3460835810869503,0.0001526251783932943,0.6525214862594421,0.47056004329915313,usable,
18788_right.jpeg,fov_misalignment,0.16621469933437943,0.00043927229595401985,0.13984034724484715,0.46837947552120535,reject,Image is out of focus. Please refocus and ensure patient is still.; Uneven illumination detected. Check flash intensity and alignment.; Incomplete field of view. Ensure proper alignment with pupil.
18788_right.jpeg,jpeg_q25,0.4380709707472673,0.00019890852415661265,0.9149652130926961,0.47101433102064416,good,
