image,corruption,prediction,probability_good,probability_usable,probability_reject
25819_left.jpeg,baseline,0,0.9883732199668884,0.011547007597982883,7.972906314535066e-05
25819_left.jpeg,defocus_blur,0,0.9188809990882874,0.07970608025789261,0.0014129786286503077
25819_left.jpeg,low_light,0,0.9195685982704163,0.07678098976612091,0.003650402883067727
25819_left.jpeg,uneven_illumination,0,0.952042818069458,0.04729209467768669,0.0006651016883552074
25819_left.jpeg,fov_misalignment,0,0.9907965660095215,0.009138829074800014,6.458657298935577e-05
25819_left.jpeg,jpeg_q25,0,0.9903899431228638,0.009567871689796448,4.219972470309585e-05
35332_left.jpeg,baseline,0,0.9962443113327026,0.0037243191618472338,3.134758662781678e-05
35332_left.jpeg,defocus_blur,0,0.9892597198486328,0.010504460893571377,0.00023584069276694208
35332_left.jpeg,low_light,0,0.9722430109977722,0.02278345264494419,0.0049734944477677345
35332_left.jpeg,uneven_illumination,0,0.9715367555618286,0.024075018242001534,0.004388168454170227
35332_left.jpeg,fov_misalignment,0,0.9977097511291504,0.002274101134389639,1.616136978555005e-05
35332_left.jpeg,jpeg_q25,0,0.9950662851333618,0.004878171253949404,5.548718399950303e-05
25423_right.jpeg,baseline,0,0.7351199388504028,0.2607291340827942,0.004150948487222195
25423_right.jpeg,defocus_blur,0,0.5805371403694153,0.41495129466056824,0.004511667415499687
25423_right.jpeg,low_light,0,0.37694108486175537,0.33106547594070435,0.29199352860450745
25423_right.jpeg,uneven_illumination,2,0.17153772711753845,0.15276102721691132,0.6757012605667114
25423_right.jpeg,fov_misalignment,1,0.13389328122138977,0.8002496957778931,0.06585703045129776
25423_right.jpeg,jpeg_q25,0,0.7992665767669678,0.19912005960941315,0.0016133382450789213
16685_left.jpeg,baseline,0,0.5165296196937561,0.45827531814575195,0.025195090100169182
16685_left.jpeg,defocus_blur,0,0.6192554831504822,0.36583250761032104,0.014911976642906666
16685_left.jpeg,low_light,0,0.44397974014282227,0.3980922996997833,0.1579279899597168
16685_left.jpeg,uneven_illumination,0,0.45614638924598694,0.3755076825618744,0.16834594309329987
16685_left.jpeg,fov_misalignment,0,0.711827278137207,0.23031097650527954,0.057861704379320145
16685_left.jpeg,jpeg_q25,0,0.7623140215873718,0.22390444576740265,0.01378154568374157
1229_left.jpeg,baseline,0,0.5256922841072083,0.47345489263534546,0.0008528381586074829
1229_left.jpeg,defocus_blur,1,0.27393093705177307,0.7109493017196655,0.015119791030883789
1229_left.jpeg,low_light,0,0.5282953977584839,0.3901384174823761,0.08156625181436539
1229_left.jpeg,uneven_illumination,1,0.35571351647377014,0.442119300365448,0.20216719806194305
1229_left.jpeg,fov_misalignment,0,0.4974904954433441,0.47676801681518555,0.025741487741470337
1229_left.jpeg,jpeg_q25,0,0.519271194934845,0.4797688126564026,0.0009599822806194425
17563_left.jpeg,baseline,0,0.9776558876037598,0.02220182865858078,0.00014225675840862095
17563_left.jpeg,defocus_blur,0,0.9120706915855408,0.08633734285831451,0.0015919329598546028
17563_left.jpeg,low_light,0,0.9532683491706848,0.04541410133242607,0.0013175340136513114
17563_left.jpeg,uneven_illumination,0,0.882856547832489,0.10385269671678543,0.013290761969983578
17563_left.jpeg,fov_misalignment,0,0.9966667294502258,0.003313925350084901,1.9340970538905822e-05
17563_left.jpeg,jpeg_q25,0,0.98380047082901,0.01610090211033821,9.864685853244737e-05
26680_right.jpeg,baseline,0,0.999300479888916,0.0006986044463701546,9.578290018907865e-07
26680_right.jpeg,defocus_blur,0,0.9993008375167847,0.0006973203271627426,1.8415340719002415e-06
26680_right.jpeg,low_light,0,0.9975926280021667,0.002393770031630993,1.3511482393369079e-05
26680_right.jpeg,uneven_illumination,0,0.9966509938240051,0.0033268826082348824,2.2085352611611597e-05
26680_right.jpeg,fov_misalignment,0,0.9974657297134399,0.00249480246566236,3.946608921978623e-05
26680_right.jpeg,jpeg_q25,0,0.9994572997093201,0.0005417967913672328,8.948222216531576e-07
18302_right.jpeg,baseline,1,0.407675564289093,0.5915374159812927,0.0007870146073400974
18302_right.jpeg,defocus_blur,1,0.2496221363544464,0.7470982074737549,0.0032797057647258043
18302_right.jpeg,low_light,1,0.4169604778289795,0.5726287364959717,0.01041071955114603
18302_right.jpeg,uneven_illumination,0,0.5486049056053162,0.4434598386287689,0.007935202680528164
18302_right.jpeg,fov_misalignment,1,0.393061101436615,0.5976997017860413,0.009239180013537407
18302_right.jpeg,jpeg_q25,0,0.5588172674179077,0.4407244026660919,0.000458291731774807
32765_left.jpeg,baseline,0,0.9885984659194946,0.011354487389326096,4.702252408606e-05
32765_left.jpeg,defocus_blur,0,0.9319674372673035,0.06760991364717484,0.00042260423651896417
32765_left.jpeg,low_light,0,0.8042038679122925,0.18513986468315125,0.010656275786459446
32765_left.jpeg,uneven_illumination,0,0.7843053340911865,0.19767777621746063,0.018016917631030083
32765_left.jpeg,fov_misalignment,0,0.9907963275909424,0.009128857403993607,7.476811151718721e-05
32765_left.jpeg,jpeg_q25,0,0.9901886582374573,0.00978314783424139,2.8171190933790058e-05
11716_right.jpeg,baseline,1,0.2614041268825531,0.7323164939880371,0.006279400549829006
11716_right.jpeg,defocus_blur,1,0.08902755379676819,0.8973173499107361,0.013655099086463451
11716_right.jpeg,low_light,1,0.11921189725399017,0.848961591720581,0.03182658180594444
11716_right.jpeg,uneven_illumination,1,0.1026766449213028,0.809904158115387,0.08741921186447144
11716_right.jpeg,fov_misalignment,1,0.027059456333518028,0.8397023677825928,0.13323819637298584
11716_right.jpeg,jpeg_q25,1,0.23401227593421936,0.7615410089492798,0.004446740262210369
27062_right.jpeg,baseline,0,0.9799423217773438,0.019652435556054115,0.0004052245058119297
27062_right.jpeg,defocus_blur,0,0.9510951638221741,0.04829781502485275,0.0006070098606869578
27062_right.jpeg,low_light,0,0.7948518991470337,0.13314741849899292,0.07200067490339279
27062_right.jpeg,uneven_illumination,0,0.8633499145507812,0.11455825716257095,0.02209181897342205
27062_right.jpeg,fov_misalignment,0,0.5773171186447144,0.3425603210926056,0.08012252300977707
27062_right.jpeg,jpeg_q25,0,0.9746154546737671,0.02462492696940899,0.000759623188059777
5829_left.jpeg,baseline,1,0.3678511381149292,0.621688723564148,0.010460087098181248
5829_left.jpeg,defocus_blur,1,0.08981139212846756,0.8931862711906433,0.01700230874121189
5829_left.jpeg,low_light,1,0.28933319449424744,0.5950644016265869,0.11560238897800446
5829_left.jpeg,uneven_illumination,1,0.13282904028892517,0.7017479538917542,0.16542299091815948
5829_left.jpeg,fov_misalignment,1,0.02916332520544529,0.9310298562049866,0.03980689495801926
5829_left.jpeg,jpeg_q25,1,0.37206512689590454,0.6121044754981995,0.015830373391509056
28773_left.jpeg,baseline,0,0.9955220222473145,0.004459105897694826,1.8830967746907845e-05
28773_left.jpeg,defocus_blur,0,0.9858265519142151,0.013982913456857204,0.0001904892997117713
28773_left.jpeg,low_light,0,0.9812163710594177,0.01850174367427826,0.0002819335786625743
28773_left.jpeg,uneven_illumination,0,0.9775457978248596,0.02220941334962845,0.00024472124641761184
28773_left.jpeg,fov_misalignment,0,0.9771692156791687,0.022701606154441833,0.00012922148744110018
28773_left.jpeg,jpeg_q25,0,0.9942371845245361,0.005717697087675333,4.4992648327024654e-05
1265_right.jpeg,baseline,0,0.9984259605407715,0.0015629823319613934,1.112549944082275e-05
1265_right.jpeg,defocus_blur,0,0.960654616355896,0.03837636858224869,0.0009691030136309564
1265_right.jpeg,low_light,0,0.9932593703269958,0.006175350397825241,0.0005653222324326634
1265_right.jpeg,uneven_illumination,0,0.9855121970176697,0.0135734211653471,0.0009143766947090626
1265_right.jpeg,fov_misalignment,0,0.9947817921638489,0.004999964032322168,0.00021815838408656418
1265_right.jpeg,jpeg_q25,0,0.9985243678092957,0.0014666372444480658,9.100822353502735e-06
40135_left.jpeg,baseline,0,0.9878459572792053,0.01210511289536953,4.9021447921404615e-05
40135_left.jpeg,defocus_blur,0,0.9315020442008972,0.06786295026540756,0.0006350168259814382
40135_left.jpeg,low_light,0,0.946192741394043,0.05086944252252579,0.002937887329608202
40135_left.jpeg,uneven_illumination,0,0.9322102069854736,0.061816681176424026,0.005973113235086203
40135_left.jpeg,fov_misalignment,0,0.9860967993736267,0.013766670599579811,0.00013662096171174198
40135_left.jpeg,jpeg_q25,0,0.9909632802009583,0.009010564535856247,2.627534377097618e-05
14969_left.jpeg,baseline,0,0.9877530336380005,0.011989553458988667,0.0002574029203969985
14969_left.jpeg,defocus_blur,0,0.9637821912765503,0.0348786860704422,0.0013391160173341632
14969_left.jpeg,low_light,0,0.9382308125495911,0.04916227236390114,0.012606915086507797
14969_left.jpeg,uneven_illumination,0,0.927741289138794,0.05301040783524513,0.019248314201831818
14969_left.jpeg,fov_misalignment,0,0.950014054775238,0.04547559842467308,0.004510344006121159
14969_left.jpeg,jpeg_q25,0,0.9805992841720581,0.018703758716583252,0.0006969525129534304
19777_right.jpeg,baseline,0,0.9629507660865784,0.03669837489724159,0.00035078133805654943
19777_right.jpeg,defocus_blur,0,0.9174870848655701,0.07897904515266418,0.003533909795805812
19777_right.jpeg,low_light,0,0.8828477263450623,0.09608780592679977,0.02106454409658909
19777_right.jpeg,uneven_illumination,0,0.7134538888931274,0.23924419283866882,0.04730194807052612
19777_right.jpeg,fov_misalignment,0,0.9554969668388367,0.043150998651981354,0.0013520000502467155
19777_right.jpeg,jpeg_q25,0,0.8896544575691223,0.10750632733106613,0.0028392195235937834
34262_right.jpeg,baseline,0,0.9974527955055237,0.0025183239486068487,2.8946116799488664e-05
34262_right.jpeg,defocus_blur,0,0.9944632649421692,0.005477327853441238,5.9349385992391035e-05
34262_right.jpeg,low_light,0,0.9809876680374146,0.018219683319330215,0.0007926197140477598
34262_right.jpeg,uneven_illumination,0,0.987345278263092,0.011809376999735832,0.0008452805341221392
34262_right.jpeg,fov_misalignment,0,0.9952313303947449,0.004707649815827608,6.100708924350329e-05
34262_right.jpeg,jpeg_q25,0,0.9983168840408325,0.001670324127189815,1.2862779840361327e-05
17043_right.jpeg,baseline,0,0.9726606607437134,0.026721956208348274,0.0006173389265313745
17043_right.jpeg,defocus_blur,0,0.8986784815788269,0.09809231013059616,0.00322919269092381
17043_right.jpeg,low_light,0,0.8052172660827637,0.15048512816429138,0.044297534972429276
17043_right.jpeg,uneven_illumination,0,0.7698079943656921,0.17932574450969696,0.05086624249815941
17043_right.jpeg,fov_misalignment,0,0.9084494709968567,0.08497417718172073,0.006576353218406439
17043_right.jpeg,jpeg_q25,0,0.9668535590171814,0.032635368406772614,0.0005111041245982051
13546_left.jpeg,baseline,0,0.9902846217155457,0.009611898101866245,0.00010352272511227056
13546_left.jpeg,defocus_blur,0,0.9464420080184937,0.0510234534740448,0.0025344518944621086
13546_left.jpeg,low_light,0,0.9802548289299011,0.01820562221109867,0.001539628952741623
13546_left.jpeg,uneven_illumination,0,0.9651434421539307,0.03020944818854332,0.004647115711122751
13546_left.jpeg,fov_misalignment,0,0.9916690587997437,0.008274238556623459,5.6706670875428244e-05
13546_left.jpeg,jpeg_q25,0,0.9913977384567261,0.008481835015118122,0.00012040106230415404
18627_left.jpeg,baseline,0,0.6887386441230774,0.3101336658000946,0.0011277137091383338
18627_left.jpeg,defocus_blur,0,0.7959524989128113,0.20208552479743958,0.001961959758773446
18627_left.jpeg,low_light,0,0.8477368354797363,0.14866529405117035,0.0035979198291897774
18627_left.jpeg,uneven_illumination,0,0.7491154074668884,0.2368326485157013,0.014051983132958412
18627_left.jpeg,fov_misalignment,1,0.17485946416854858,0.7253583073616028,0.09978215396404266
18627_left.jpeg,jpeg_q25,0,0.8728662729263306,0.12660440802574158,0.0005293517606332898
32316_left.jpeg,baseline,0,0.9355239272117615,0.06400572508573532,0.00047035375609993935
32316_left.jpeg,defocus_blur,0,0.7797351479530334,0.21895983815193176,0.001305044163018465
32316_left.jpeg,low_light,0,0.8550384640693665,0.13425810635089874,0.010703393258154392
32316_left.jpeg,uneven_illumination,0,0.7244923710823059,0.2575041949748993,0.018003439530730247
32316_left.jpeg,fov_misalignment,1,0.3850393295288086,0.505597710609436,0.1093628779053688
32316_left.jpeg,jpeg_q25,0,0.9356989860534668,0.06383280456066132,0.0004681766440626234
2293_left.jpeg,baseline,0,0.9588689804077148,0.04073774814605713,0.00039316434413194656
2293_left.jpeg,defocus_blur,0,0.9039097428321838,0.09426117688417435,0.0018290352309122682
2293_left.jpeg,low_light,0,0.7413187623023987,0.22974316775798798,0.02893803082406521
2293_left.jpeg,uneven_illumination,0,0.7951398491859436,0.17818966507911682,0.02667045034468174
2293_left.jpeg,fov_misalignment,0,0.9127774238586426,0.08393258601427078,0.003289983607828617
2293_left.jpeg,jpeg_q25,0,0.9321222305297852,0.06663796305656433,0.0012398794060572982
19948_right.jpeg,baseline,0,0.9826027154922485,0.017262376844882965,0.0001349951489828527
19948_right.jpeg,defocus_blur,0,0.9464284777641296,0.05280204862356186,0.0007694477681070566
19948_right.jpeg,low_light,0,0.8925800919532776,0.09638621658086777,0.011033659800887108
19948_right.jpeg,uneven_illumination,0,0.9370104670524597,0.059288140386343,0.003701389767229557
19948_right.jpeg,fov_misalignment,0,0.9105862975120544,0.08900649100542068,0.0004071607254445553
19948_right.jpeg,jpeg_q25,0,0.9823680520057678,0.01742112822830677,0.00021076135453768075
20304_left.jpeg,baseline,0,0.9740686416625977,0.02573470212519169,0.00019673460337799042
20304_left.jpeg,defocus_blur,0,0.8423625230789185,0.15242132544517517,0.005216210149228573
20304_left.jpeg,low_light,0,0.722109854221344,0.23101091384887695,0.04687923938035965
20304_left.jpeg,uneven_illumination,0,0.7426545023918152,0.21635401248931885,0.04099147021770477
20304_left.jpeg,fov_misalignment,1,0.47090449929237366,0.49418002367019653,0.03491554036736488
20304_left.jpeg,jpeg_q25,0,0.9657403230667114,0.0335330069065094,0.0007266221800819039
20279_left.jpeg,baseline,0,0.9290914535522461,0.06669065356254578,0.004217916168272495
20279_left.jpeg,defocus_blur,0,0.9626765847206116,0.03642427176237106,0.000899190956261009
20279_left.jpeg,low_light,0,0.542984664440155,0.2602521479129791,0.19676315784454346
20279_left.jpeg,uneven_illumination,0,0.6388370990753174,0.26665404438972473,0.09450885653495789
20279_left.jpeg,fov_misalignment,0,0.9425745606422424,0.0529559850692749,0.004469534382224083
20279_left.jpeg,jpeg_q25,0,0.9405912160873413,0.05456953123211861,0.004839280620217323
18453_right.jpeg,baseline,0,0.9860304594039917,0.013922461308538914,4.6963839849922806e-05
18453_right.jpeg,defocus_blur,0,0.90434730052948,0.09476753324270248,0.0008852205355651677
18453_right.jpeg,low_light,0,0.9285510182380676,0.06831401586532593,0.0031349279452115297
18453_right.jpeg,uneven_illumination,0,0.9418909549713135,0.05503377318382263,0.0030753256287425756
18453_right.jpeg,fov_misalignment,0,0.9731066823005676,0.02645266056060791,0.000440637901192531
18453_right.jpeg,jpeg_q25,0,0.9711058139801025,0.028575679287314415,0.0003185475361533463
10807_left.jpeg,baseline,1,0.010023781098425388,0.9831620454788208,0.006814100779592991
10807_left.jpeg,defocus_blur,1,0.0071002584882080555,0.9845565557479858,0.008343146182596684
10807_left.jpeg,low_light,1,0.0038189117331057787,0.910567045211792,0.08561404794454575
10807_left.jpeg,uneven_illumination,1,0.005044844467192888,0.8647658824920654,0.13018926978111267
10807_left.jpeg,fov_misalignment,1,0.007005319930613041,0.843334972858429,0.14965969324111938
10807_left.jpeg,jpeg_q25,1,0.015732383355498314,0.9822876453399658,0.001980022992938757
12888_right.jpeg,baseline,0,0.9998095631599426,0.00018847404862754047,2.0089034933334915e-06
12888_right.jpeg,defocus_blur,0,0.9984344840049744,0.001484146574512124,8.144360617734492e-05
12888_right.jpeg,low_light,0,0.9977626800537109,0.002002275548875332,0.00023501475516241044
12888_right.jpeg,uneven_illumination,0,0.9969297051429749,0.002359754638746381,0.0007105625700205564
12888_right.jpeg,fov_misalignment,0,0.9921250939369202,0.007158278953284025,0.0007166533032432199
12888_right.jpeg,jpeg_q25,0,0.9998437166213989,0.0001526729902252555,3.5935320283897454e-06
18492_right.jpeg,baseline,0,0.9491214752197266,0.05080428719520569,7.418925815727562e-05
18492_right.jpeg,defocus_blur,0,0.8388585448265076,0.1608533263206482,0.00028812146047130227
18492_right.jpeg,low_light,0,0.8233696818351746,0.1708044707775116,0.005825864151120186
18492_right.jpeg,uneven_illumination,0,0.7638418078422546,0.21953947842121124,0.016618717461824417
18492_right.jpeg,fov_misalignment,0,0.9112512469291687,0.08790772408246994,0.0008409650763496757
18492_right.jpeg,jpeg_q25,0,0.9452483057975769,0.0546334944665432,0.00011823177919723094
31008_left.jpeg,baseline,0,0.956489622592926,0.04336213693022728,0.00014827671111561358
31008_left.jpeg,defocus_blur,0,0.8802528381347656,0.11906208097934723,0.0006850739009678364
31008_left.jpeg,low_light,0,0.5974196195602417,0.36634135246276855,0.036238979548215866
31008_left.jpeg,uneven_illumination,1,0.4499065577983856,0.49212920665740967,0.05796419456601143
31008_left.jpeg,fov_misalignment,0,0.9211178421974182,0.07670306414365768,0.0021791423205286264
31008_left.jpeg,jpeg_q25,0,0.9186018705368042,0.08067983388900757,0.0007182954577729106
981_left.jpeg,baseline,0,0.970508873462677,0.029476620256900787,1.4504977116303053e-05
981_left.jpeg,defocus_blur,0,0.9497723579406738,0.05017251893877983,5.517931640497409e-05
981_left.jpeg,low_light,0,0.935540497303009,0.06403417885303497,0.0004253660445101559
981_left.jpeg,uneven_illumination,0,0.8926562666893005,0.10659504681825638,0.0007485767710022628
981_left.jpeg,fov_misalignment,0,0.8993660807609558,0.09914495050907135,0.0014889347366988659
981_left.jpeg,jpeg_q25,0,0.9758332371711731,0.02415182627737522,1.4889691556163598e-05
26112_left.jpeg,baseline,0,0.9680163264274597,0.03195345029234886,3.0208186217350885e-05
26112_left.jpeg,defocus_blur,0,0.904933750629425,0.0949513241648674,0.0001149896634160541
26112_left.jpeg,low_light,0,0.906771183013916,0.09257181733846664,0.0006569755496457219
26112_left.jpeg,uneven_illumination,0,0.9295204877853394,0.06973280757665634,0.0007467627874575555
26112_left.jpeg,fov_misalignment,0,0.8921145796775818,0.1073223426938057,0.000563165987841785
26112_left.jpeg,jpeg_q25,0,0.9647831320762634,0.035180192440748215,3.6737263144459575e-05
31943_left.jpeg,baseline,0,0.9892473816871643,0.01068708673119545,6.560160545632243e-05
31943_left.jpeg,defocus_blur,0,0.9901283383369446,0.009778172709047794,9.347528248326853e-05
31943_left.jpeg,low_light,0,0.940621554851532,0.0582285113632679,0.0011498475214466453
31943_left.jpeg,uneven_illumination,0,0.9274024367332458,0.06970345973968506,0.0028940942138433456
31943_left.jpeg,fov_misalignment,0,0.8961907625198364,0.10297547280788422,0.0008336920873261988
31943_left.jpeg,jpeg_q25,0,0.9898791313171387,0.010069845244288445,5.095285450806841e-05
26122_left.jpeg,baseline,0,0.9761476516723633,0.023375531658530235,0.00047677074326202273
26122_left.jpeg,defocus_blur,0,0.9001038670539856,0.09383124858140945,0.006064840592443943
26122_left.jpeg,low_light,0,0.5712253451347351,0.282354474067688,0.14642015099525452
26122_left.jpeg,uneven_illumination,0,0.5439289808273315,0.3170875310897827,0.13898347318172455
26122_left.jpeg,fov_misalignment,0,0.9800155758857727,0.018637986853718758,0.0013464146759361029
26122_left.jpeg,jpeg_q25,0,0.9766087532043457,0.022846071049571037,0.0005452300538308918
3091_left.jpeg,baseline,0,0.9618183970451355,0.037991225719451904,0.00019028535461984575
3091_left.jpeg,defocus_blur,0,0.5427169799804688,0.4289672374725342,0.028315749019384384
3091_left.jpeg,low_light,0,0.7076480388641357,0.2743774950504303,0.0179744865745306
3091_left.jpeg,uneven_illumination,0,0.7444366216659546,0.2436978667974472,0.011865583248436451
3091_left.jpeg,fov_misalignment,0,0.9327602982521057,0.06456446647644043,0.0026751921977847815
3091_left.jpeg,jpeg_q25,0,0.9484992623329163,0.05098489671945572,0.0005158688290975988
17085_left.jpeg,baseline,0,0.9955918192863464,0.004375800024718046,3.234537871321663e-05
17085_left.jpeg,defocus_blur,0,0.9892833232879639,0.010632441379129887,8.417776552960277e-05
17085_left.jpeg,low_light,0,0.9045305252075195,0.08916328102350235,0.006306229624897242
17085_left.jpeg,uneven_illumination,0,0.8826698064804077,0.11272117495536804,0.0046089221723377705
17085_left.jpeg,fov_misalignment,0,0.9921069145202637,0.007630243897438049,0.000262909074081108
17085_left.jpeg,jpeg_q25,0,0.9956833124160767,0.004278377629816532,3.832372749457136e-05
10133_left.jpeg,baseline,0,0.8549528121948242,0.1449517011642456,9.554838470648974e-05
10133_left.jpeg,defocus_blur,1,0.43052148818969727,0.5687198638916016,0.0007587255677208304
10133_left.jpeg,low_light,0,0.5870749950408936,0.40867045521736145,0.004254582338035107
10133_left.jpeg,uneven_illumination,0,0.503412127494812,0.4899226725101471,0.006665235385298729
10133_left.jpeg,fov_misalignment,0,0.527047872543335,0.46865466237068176,0.0042974259704351425
10133_left.jpeg,jpeg_q25,0,0.721695601940155,0.27800625562667847,0.0002980758436024189
23621_left.jpeg,baseline,0,0.984772264957428,0.015170400962233543,5.738851905334741e-05
23621_left.jpeg,defocus_blur,0,0.9810507893562317,0.017809469252824783,0.0011398553615435958
23621_left.jpeg,low_light,0,0.9720251560211182,0.025571689009666443,0.00240322039462626
23621_left.jpeg,uneven_illumination,0,0.9745768904685974,0.016028424724936485,0.009394664317369461
23621_left.jpeg,fov_misalignment,0,0.9902156591415405,0.009172230958938599,0.0006121046026237309
23621_left.jpeg,jpeg_q25,0,0.9784709811210632,0.021200934424996376,0.00032810898846946657
28166_left.jpeg,baseline,0,0.838152289390564,0.11940091848373413,0.042446818202733994
28166_left.jpeg,defocus_blur,0,0.7527037262916565,0.1505081057548523,0.0967882052063942
28166_left.jpeg,low_light,0,0.44042396545410156,0.2418210655450821,0.3177550137042999
28166_left.jpeg,uneven_illumination,0,0.34434545040130615,0.29389387369155884,0.361760675907135
28166_left.jpeg,fov_misalignment,0,0.8112056851387024,0.1378249228000641,0.05096939578652382
28166_left.jpeg,jpeg_q25,0,0.781017541885376,0.12046391516923904,0.09851856529712677
24575_left.jpeg,baseline,0,0.9416231513023376,0.05815424397587776,0.00022261377307586372
24575_left.jpeg,defocus_blur,0,0.9352601170539856,0.06429039686918259,0.00044958243961445987
24575_left.jpeg,low_light,0,0.8396708965301514,0.1585848331451416,0.0017442633397877216
24575_left.jpeg,uneven_illumination,0,0.8219161033630371,0.17423374950885773,0.0038501129020005465
24575_left.jpeg,fov_misalignment,0,0.8309446573257446,0.1671113222837448,0.001944074872881174
24575_left.jpeg,jpeg_q25,0,0.9706238508224487,0.029299357905983925,7.680008275201544e-05
26077_right.jpeg,baseline,0,0.9847891330718994,0.014997519552707672,0.00021333749464247376
26077_right.jpeg,defocus_blur,0,0.9382498860359192,0.059609416872262955,0.0021406500600278378
26077_right.jpeg,low_light,0,0.8616069555282593,0.11820981651544571,0.020183201879262924
26077_right.jpeg,uneven_illumination,0,0.9396395683288574,0.05225872993469238,0.00810167845338583
26077_right.jpeg,fov_misalignment,0,0.9857973456382751,0.013791351579129696,0.00041131058242172003
26077_right.jpeg,jpeg_q25,0,0.9820116758346558,0.017760520800948143,0.0002278638130519539
11279_right.jpeg,baseline,0,0.9934191107749939,0.006469250191003084,0.00011153907689731568
11279_right.jpeg,defocus_blur,0,0.9229786992073059,0.06912587583065033,0.00789551716297865
11279_right.jpeg,low_light,0,0.9789385795593262,0.018065348267555237,0.002996014663949609
11279_right.jpeg,uneven_illumination,0,0.9776349067687988,0.020369816571474075,0.001995374681428075
11279_right.jpeg,fov_misalignment,0,0.9764562845230103,0.02280178852379322,0.0007419176981784403
11279_right.jpeg,jpeg_q25,0,0.9933896064758301,0.006491314619779587,0.00011912605259567499
18638_left.jpeg,baseline,0,0.9483064413070679,0.050899676978588104,0.0007937936461530626
18638_left.jpeg,defocus_blur,0,0.8958098292350769,0.10203932225704193,0.002150784246623516
18638_left.jpeg,low_light,0,0.8418322205543518,0.14383819699287415,0.014329541474580765
18638_left.jpeg,uneven_illumination,0,0.7832380533218384,0.18747185170650482,0.0292900912463665
18638_left.jpeg,fov_misalignment,0,0.988608717918396,0.011342613026499748,4.8688758397474885e-05
18638_left.jpeg,jpeg_q25,0,0.9513903856277466,0.047809064388275146,0.0008006453863345087
29561_right.jpeg,baseline,0,0.8436031937599182,0.15607064962387085,0.00032617777469567955
29561_right.jpeg,defocus_blur,0,0.770815372467041,0.22849814593791962,0.0006865067407488823
29561_right.jpeg,low_light,0,0.515165388584137,0.46828654408454895,0.016548076644539833
29561_right.jpeg,uneven_illumination,0,0.792241632938385,0.20520098507404327,0.002557332394644618
29561_right.jpeg,fov_misalignment,0,0.7790868282318115,0.21786822378635406,0.0030449307523667812
29561_right.jpeg,jpeg_q25,0,0.827235996723175,0.17218640446662903,0.0005775811150670052
19395_left.jpeg,baseline,0,0.8528255820274353,0.1453583836555481,0.0018160594627261162
19395_left.jpeg,defocus_blur,0,0.675973117351532,0.3135768175125122,0.010450084693729877
19395_left.jpeg,low_light,0,0.7510746121406555,0.2192392796278,0.029686059802770615
19395_left.jpeg,uneven_illumination,0,0.6918361783027649,0.23405659198760986,0.07410722970962524
19395_left.jpeg,fov_misalignment,0,0.6939868927001953,0.29936254024505615,0.0066506690345704556
19395_left.jpeg,jpeg_q25,0,0.8796771168708801,0.11812916398048401,0.0021936679258942604
3073_left.jpeg,baseline,0,0.9783383011817932,0.021409330889582634,0.00025242031551897526
3073_left.jpeg,defocus_blur,0,0.6485093832015991,0.33737197518348694,0.01411864347755909
3073_left.jpeg,low_light,0,0.8224136829376221,0.16069810092449188,0.016888244077563286
3073_left.jpeg,uneven_illumination,0,0.8248631358146667,0.16388073563575745,0.011256229132413864
3073_left.jpeg,fov_misalignment,0,0.9711142182350159,0.02718999795615673,0.0016957451589405537
3073_left.jpeg,jpeg_q25,0,0.9744582176208496,0.02521599270403385,0.00032588146859779954
18424_right.jpeg,baseline,0,0.7909995317459106,0.20738375186920166,0.0016166925197467208
18424_right.jpeg,defocus_blur,0,0.6508510112762451,0.3448994755744934,0.00424945168197155
18424_right.jpeg,low_light,1,0.4154606759548187,0.5432339906692505,0.0413052998483181
18424_right.jpeg,uneven_illumination,0,0.6320628523826599,0.3540797829627991,0.013857354409992695
18424_right.jpeg,fov_misalignment,0,0.5591869950294495,0.42386841773986816,0.01694459095597267
18424_right.jpeg,jpeg_q25,0,0.8028133511543274,0.19605185091495514,0.00113488151691854
6904_right.jpeg,baseline,0,0.7418967485427856,0.25686049461364746,0.001242730999365449
6904_right.jpeg,defocus_blur,1,0.11181562393903732,0.7920318841934204,0.09615252912044525
6904_right.jpeg,low_light,1,0.4780975878238678,0.48950082063674927,0.03240161016583443
6904_right.jpeg,uneven_illumination,0,0.6488380432128906,0.339515745639801,0.011646189726889133
6904_right.jpeg,fov_misalignment,0,0.7084052562713623,0.28480786085128784,0.006786857265979052
6904_right.jpeg,jpeg_q25,0,0.6013144254684448,0.3948214054107666,0.0038641560822725296
32395_left.jpeg,baseline,0,0.922176718711853,0.07048328220844269,0.007340014912188053
32395_left.jpeg,defocus_blur,0,0.7380016446113586,0.24585819244384766,0.016140203922986984
32395_left.jpeg,low_light,2,0.1769166886806488,0.2797895669937134,0.5432937145233154
32395_left.jpeg,uneven_illumination,2,0.30361223220825195,0.11618499457836151,0.5802028179168701
32395_left.jpeg,fov_misalignment,1,0.24359796941280365,0.6674041152000427,0.08899791538715363
32395_left.jpeg,jpeg_q25,0,0.9340184330940247,0.05864022299647331,0.007341289427131414
19797_right.jpeg,baseline,0,0.987393856048584,0.012533308938145638,7.283702871063724e-05
19797_right.jpeg,defocus_blur,0,0.9157959818840027,0.08405210077762604,0.00015187448298092932
19797_right.jpeg,low_light,0,0.9158948063850403,0.08175092935562134,0.0023543478455394506
19797_right.jpeg,uneven_illumination,0,0.7223780155181885,0.2329854518175125,0.044636502861976624
19797_right.jpeg,fov_misalignment,0,0.7830553650856018,0.2001909762620926,0.016753681004047394
19797_right.jpeg,jpeg_q25,0,0.9842437505722046,0.015652207657694817,0.00010407905938336626
28209_right.jpeg,baseline,0,0.9045308232307434,0.09481631964445114,0.0006529103266075253
28209_right.jpeg,defocus_blur,0,0.9260650277137756,0.07364555448293686,0.0002894443168770522
28209_right.jpeg,low_light,0,0.839471161365509,0.1555677354335785,0.004961139056831598
28209_right.jpeg,uneven_illumination,0,0.8815919160842896,0.11599849164485931,0.0024095852859318256
28209_right.jpeg,fov_misalignment,0,0.9402854442596436,0.05931529030203819,0.00039928811020217836
28209_right.jpeg,jpeg_q25,0,0.9497787356376648,0.050000179558992386,0.00022117557819001377
34303_left.jpeg,baseline,0,0.719530463218689,0.27645930647850037,0.004010213539004326
34303_left.jpeg,defocus_blur,1,0.3808266818523407,0.6083942651748657,0.01077907346189022
34303_left.jpeg,low_light,1,0.35901975631713867,0.5674740076065063,0.07350625842809677
34303_left.jpeg,uneven_illumination,1,0.2584623396396637,0.5147460699081421,0.2267916202545166
34303_left.jpeg,fov_misalignment,0,0.8292871713638306,0.1682799905538559,0.0024327971041202545
34303_left.jpeg,jpeg_q25,0,0.7230221629142761,0.27252718806266785,0.004450645297765732
13641_right.jpeg,baseline,0,0.9928886294364929,0.006286203861236572,0.0008252155967056751
13641_right.jpeg,defocus_blur,0,0.9881268739700317,0.011289842426776886,0.0005832806346006691
13641_right.jpeg,low_light,0,0.8149799108505249,0.10146816819906235,0.08355188369750977
13641_right.jpeg,uneven_illumination,0,0.9037748575210571,0.06750176101922989,0.02872338704764843
13641_right.jpeg,fov_misalignment,0,0.9526360034942627,0.028613217175006866,0.01875070109963417
13641_right.jpeg,jpeg_q25,0,0.9920331835746765,0.007405458949506283,0.0005613308749161661
10830_right.jpeg,baseline,0,0.9946460723876953,0.005325149279087782,2.8781980290659703e-05
10830_right.jpeg,defocus_blur,0,0.9615649580955505,0.03769488260149956,0.0007401390466839075
10830_right.jpeg,low_light,0,0.9706795811653137,0.027190925553441048,0.002129489555954933
10830_right.jpeg,uneven_illumination,0,0.9490294456481934,0.048736248165369034,0.002234272425994277
10830_right.jpeg,fov_misalignment,0,0.9908022880554199,0.009001616388559341,0.00019605651323217899
10830_right.jpeg,jpeg_q25,0,0.993416428565979,0.006521905306726694,6.174100417410955e-05
20449_right.jpeg,baseline,0,0.5645700693130493,0.4269388020038605,0.008491100743412971
20449_right.jpeg,defocus_blur,1,0.38609078526496887,0.588125467300415,0.02578374743461609
20449_right.jpeg,low_light,0,0.4954105317592621,0.31935903429985046,0.18523040413856506
20449_right.jpeg,uneven_illumination,1,0.354323148727417,0.4843953847885132,0.16128142178058624
20449_right.jpeg,fov_misalignment,1,0.3414170444011688,0.631981372833252,0.026601560413837433
20449_right.jpeg,jpeg_q25,0,0.5775554180145264,0.40723544359207153,0.015209142118692398
39738_left.jpeg,baseline,0,0.8720577955245972,0.12631188333034515,0.0016303731827065349
39738_left.jpeg,defocus_blur,0,0.71305251121521,0.25981205701828003,0.027135413140058517
39738_left.jpeg,low_light,1,0.44854652881622314,0.4621100425720215,0.08934336155653
39738_left.jpeg,uneven_illumination,0,0.4358944296836853,0.37484800815582275,0.18925750255584717
39738_left.jpeg,fov_misalignment,0,0.5950324535369873,0.37492823600769043,0.030039332807064056
39738_left.jpeg,jpeg_q25,0,0.8361167311668396,0.16043318808078766,0.003450050251558423
15370_right.jpeg,baseline,1,0.37710410356521606,0.5257720947265625,0.09712377935647964
15370_right.jpeg,defocus_blur,1,0.3743351995944977,0.5788038372993469,0.04686099663376808
15370_right.jpeg,low_light,2,0.07055363059043884,0.1745481640100479,0.7548982501029968
15370_right.jpeg,uneven_illumination,2,0.10973142087459564,0.32794541120529175,0.5623231530189514
15370_right.jpeg,fov_misalignment,1,0.4387630820274353,0.46503081917762756,0.09620612114667892
15370_right.jpeg,jpeg_q25,0,0.6368557810783386,0.3315868079662323,0.03155739977955818
31848_right.jpeg,baseline,0,0.8777604103088379,0.11966592073440552,0.0025736354291439056
31848_right.jpeg,defocus_blur,1,0.20200516283512115,0.6650278568267822,0.1329670250415802
31848_right.jpeg,low_light,0,0.7019118070602417,0.24565832316875458,0.052429795265197754
31848_right.jpeg,uneven_illumination,0,0.8114786744117737,0.17478328943252563,0.013738051988184452
31848_right.jpeg,fov_misalignment,0,0.8726667761802673,0.12056437879800797,0.006768819410353899
31848_right.jpeg,jpeg_q25,0,0.8287405371665955,0.1645837128162384,0.006675642915070057
30947_right.jpeg,baseline,0,0.8187150955200195,0.17962153255939484,0.0016633410705253482
30947_right.jpeg,defocus_blur,0,0.5407838821411133,0.4531635344028473,0.006052651908248663
30947_right.jpeg,low_light,0,0.8687718510627747,0.12914785742759705,0.0020803369116038084
30947_right.jpeg,uneven_illumination,1,0.13620463013648987,0.7801386117935181,0.08365675061941147
30947_right.jpeg,fov_misalignment,0,0.5422472357749939,0.42908167839050293,0.02867104671895504
30947_right.jpeg,jpeg_q25,0,0.8485392332077026,0.14944776892662048,0.0020129368640482426
23562_right.jpeg,baseline,0,0.9971596002578735,0.002655699849128723,0.00018474721582606435
23562_right.jpeg,defocus_blur,0,0.9851776957511902,0.011906573548913002,0.002915753051638603
23562_right.jpeg,low_light,0,0.8786035776138306,0.05279779061675072,0.06859865039587021
23562_right.jpeg,uneven_illumination,0,0.9550010561943054,0.0219645407050848,0.023034343495965004
23562_right.jpeg,fov_misalignment,0,0.9807522296905518,0.016720784828066826,0.0025269673205912113
23562_right.jpeg,jpeg_q25,0,0.9981718063354492,0.001729832962155342,9.834699449129403e-05
19276_left.jpeg,baseline,0,0.9901076555252075,0.00976197887212038,0.0001302929740631953
19276_left.jpeg,defocus_blur,0,0.968545138835907,0.031159350648522377,0.0002956089156214148
19276_left.jpeg,low_light,0,0.9399690628051758,0.053851086646318436,0.0061798300594091415
19276_left.jpeg,uneven_illumination,0,0.8907188177108765,0.0820770114660263,0.02720409445464611
19276_left.jpeg,fov_misalignment,0,0.7594212293624878,0.2381230592727661,0.0024557458236813545
19276_left.jpeg,jpeg_q25,0,0.9947964549064636,0.005149612668901682,5.390281876316294e-05
12398_left.jpeg,baseline,0,0.9321715235710144,0.06711287796497345,0.000715583679266274
12398_left.jpeg,defocus_blur,0,0.7759913802146912,0.21545188128948212,0.0085567906498909
12398_left.jpeg,low_light,0,0.584978461265564,0.31350037455558777,0.10152118653059006
12398_left.jpeg,uneven_illumination,1,0.40247073769569397,0.4356447458267212,0.16188448667526245
12398_left.jpeg,fov_misalignment,0,0.9626606702804565,0.03657098859548569,0.0007682853029109538
12398_left.jpeg,jpeg_q25,0,0.9541856646537781,0.045068249106407166,0.0007460826891474426
24276_left.jpeg,baseline,0,0.9815796613693237,0.01826036535203457,0.00015991306281648576
24276_left.jpeg,defocus_blur,0,0.9054514169692993,0.09348279237747192,0.0010657525854185224
24276_left.jpeg,low_light,0,0.9012684226036072,0.0902261734008789,0.008505433797836304
24276_left.jpeg,uneven_illumination,0,0.889180600643158,0.09907838702201843,0.01174105703830719
24276_left.jpeg,fov_misalignment,0,0.878563404083252,0.08155417442321777,0.03988237679004669
24276_left.jpeg,jpeg_q25,0,0.9683541655540466,0.031194200739264488,0.00045160463196225464
42620_right.jpeg,baseline,1,0.4477519690990448,0.5467990040779114,0.0054489788599312305
42620_right.jpeg,defocus_blur,1,0.41725048422813416,0.5731390118598938,0.009610503911972046
42620_right.jpeg,low_light,1,0.4470241069793701,0.5297271609306335,0.02324874885380268
42620_right.jpeg,uneven_illumination,1,0.32340550422668457,0.566506564617157,0.11008799821138382
42620_right.jpeg,fov_misalignment,1,0.41023683547973633,0.5796204209327698,0.010142783634364605
42620_right.jpeg,jpeg_q25,1,0.4176473319530487,0.5754291415214539,0.006923553068190813
7508_left.jpeg,baseline,0,0.9907888770103455,0.008834755048155785,0.00037638391950167716
7508_left.jpeg,defocus_blur,0,0.9639087915420532,0.0326060876250267,0.003485073335468769
7508_left.jpeg,low_light,0,0.9593853950500488,0.03654644638299942,0.004068164620548487
7508_left.jpeg,uneven_illumination,0,0.9549624919891357,0.040003981441259384,0.005033560562878847
7508_left.jpeg,fov_misalignment,0,0.9847708344459534,0.015124203637242317,0.00010497015318833292
7508_left.jpeg,jpeg_q25,0,0.9917082190513611,0.007977936416864395,0.00031382052111439407
213_right.jpeg,baseline,0,0.6057276129722595,0.393097847700119,0.00117457564920187
213_right.jpeg,defocus_blur,1,0.3761713206768036,0.6216333508491516,0.0021953550167381763
213_right.jpeg,low_light,1,0.19748200476169586,0.7597969174385071,0.04272107779979706
213_right.jpeg,uneven_illumination,1,0.18394792079925537,0.7750037312507629,0.041048429906368256
213_right.jpeg,fov_misalignment,1,0.10138964653015137,0.8657073974609375,0.03290293365716934
213_right.jpeg,jpeg_q25,0,0.6690842509269714,0.33013680577278137,0.0007789478404447436
2013_left.jpeg,baseline,0,0.9746546745300293,0.024966400116682053,0.0003788766625802964
2013_left.jpeg,defocus_blur,0,0.8341089487075806,0.15576879680156708,0.010122254490852356
2013_left.jpeg,low_light,0,0.8961786031723022,0.08221957087516785,0.021601825952529907
2013_left.jpeg,uneven_illumination,0,0.9439046382904053,0.047192223370075226,0.008903064765036106
2013_left.jpeg,fov_misalignment,0,0.9169510006904602,0.042484600096940994,0.0405643954873085
2013_left.jpeg,jpeg_q25,0,0.9830516576766968,0.016450978815555573,0.0004973391769453883
29234_left.jpeg,baseline,0,0.9118912816047668,0.08700517565011978,0.0011035436764359474
29234_left.jpeg,defocus_blur,0,0.6436555981636047,0.34317755699157715,0.013166874647140503
29234_left.jpeg,low_light,0,0.592700183391571,0.3665398955345154,0.04075993597507477
29234_left.jpeg,uneven_illumination,0,0.5486470460891724,0.3957371711730957,0.05561576783657074
29234_left.jpeg,fov_misalignment,0,0.9284601807594299,0.06643782556056976,0.005101976916193962
29234_left.jpeg,jpeg_q25,0,0.9462113380432129,0.05335657671093941,0.0004321787564549595
8163_right.jpeg,baseline,0,0.8083226084709167,0.1768268644809723,0.014850569888949394
8163_right.jpeg,defocus_blur,0,0.8881839513778687,0.10088132321834564,0.010934734717011452
8163_right.jpeg,low_light,0,0.531748354434967,0.3026181757450104,0.16563346982002258
8163_right.jpeg,uneven_illumination,0,0.7053259611129761,0.2239578515291214,0.07071616500616074
8163_right.jpeg,fov_misalignment,1,0.32970720529556274,0.3999980092048645,0.27029478549957275
8163_right.jpeg,jpeg_q25,0,0.8283563256263733,0.15923954546451569,0.012404068373143673
26906_left.jpeg,baseline,0,0.9959582686424255,0.0040339636616408825,7.677924259041902e-06
26906_left.jpeg,defocus_blur,0,0.9540778994560242,0.045828260481357574,9.37992735998705e-05
26906_left.jpeg,low_light,0,0.9683787226676941,0.03123112954199314,0.00039005978032946587
26906_left.jpeg,uneven_illumination,0,0.9422256946563721,0.05501571297645569,0.002758648945018649
26906_left.jpeg,fov_misalignment,0,0.9663403034210205,0.03257555514574051,0.0010841106995940208
26906_left.jpeg,jpeg_q25,0,0.994746744632721,0.00524581503123045,7.4918857535521965e-06
13943_left.jpeg,baseline,0,0.9989078044891357,0.0010897049214690924,2.445260406602756e-06
13943_left.jpeg,defocus_blur,0,0.9975099563598633,0.0024771245662122965,1.2940851775056217e-05
13943_left.jpeg,low_light,0,0.9950893521308899,0.004842553287744522,6.813881191192195e-05
13943_left.jpeg,uneven_illumination,0,0.9948207139968872,0.005025681108236313,0.00015358495875261724
13943_left.jpeg,fov_misalignment,0,0.9993164539337158,0.0006831465288996696,3.987074705946725e-07
13943_left.jpeg,jpeg_q25,0,0.9991480112075806,0.0008500211988575757,1.870331743702991e-06
15199_right.jpeg,baseline,0,0.9949953556060791,0.004851706326007843,0.00015294388867914677
15199_right.jpeg,defocus_blur,0,0.9979912042617798,0.001959847519174218,4.9025376938516274e-05
15199_right.jpeg,low_light,0,0.9844419360160828,0.012776734307408333,0.0027813066262751818
15199_right.jpeg,uneven_illumination,0,0.9719854593276978,0.022035013884305954,0.005979445762932301
15199_right.jpeg,fov_misalignment,0,0.9934780597686768,0.006065667141228914,0.0004562155809253454
15199_right.jpeg,jpeg_q25,0,0.9922612309455872,0.007439265958964825,0.00029948720475658774
4848_right.jpeg,baseline,0,0.9310798048973083,0.06645029783248901,0.0024699147325009108
4848_right.jpeg,defocus_blur,0,0.7789258360862732,0.2064436972141266,0.014630543068051338
4848_right.jpeg,low_light,0,0.5263676047325134,0.20450574159622192,0.26912668347358704
4848_right.jpeg,uneven_illumination,0,0.5844823718070984,0.21977029740810394,0.19574734568595886
4848_right.jpeg,fov_misalignment,0,0.924103319644928,0.06956105679273605,0.006335582118481398
4848_right.jpeg,jpeg_q25,0,0.8955800533294678,0.10095272958278656,0.0034671565517783165
20011_right.jpeg,baseline,0,0.9730381965637207,0.026866545900702477,9.518283331999555e-05
20011_right.jpeg,defocus_blur,0,0.9577096104621887,0.04211977496743202,0.00017063836276065558
20011_right.jpeg,low_light,0,0.8846858739852905,0.11152467876672745,0.003789479611441493
20011_right.jpeg,uneven_illumination,0,0.9465884566307068,0.05155486986041069,0.00185671157669276
20011_right.jpeg,fov_misalignment,0,0.9319198131561279,0.06741365790367126,0.0006665482651442289
20011_right.jpeg,jpeg_q25,0,0.9869803786277771,0.012982139363884926,3.7382316804723814e-05
12122_left.jpeg,baseline,0,0.9926088452339172,0.006838521454483271,0.0005525883170776069
12122_left.jpeg,defocus_blur,0,0.923356831073761,0.06371867656707764,0.01292454544454813
12122_left.jpeg,low_light,0,0.8994264006614685,0.050724346190690994,0.04984922707080841
12122_left.jpeg,uneven_illumination,0,0.7871134281158447,0.06980772316455841,0.14307884871959686
12122_left.jpeg,fov_misalignment,0,0.7855184674263,0.19935868680477142,0.015122820623219013
12122_left.jpeg,jpeg_q25,0,0.9928675889968872,0.00664028525352478,0.0004921293002553284
2116_left.jpeg,baseline,0,0.890527069568634,0.10909519344568253,0.00037770989001728594
2116_left.jpeg,defocus_blur,0,0.7634643912315369,0.23570102453231812,0.0008346086833626032
2116_left.jpeg,low_light,0,0.7097582817077637,0.28765609860420227,0.0025856774300336838
2116_left.jpeg,uneven_illumination,0,0.8685151934623718,0.13079699873924255,0.0006877449341118336
2116_left.jpeg,fov_misalignment,1,0.42483535408973694,0.5535674691200256,0.021597128361463547
2116_left.jpeg,jpeg_q25,0,0.8845453858375549,0.11501268297433853,0.0004419066826812923
29375_right.jpeg,baseline,0,0.883858859539032,0.1140270084142685,0.0021141550969332457
29375_right.jpeg,defocus_blur,0,0.8117839097976685,0.18302085995674133,0.005195248406380415
29375_right.jpeg,low_light,1,0.4069003760814667,0.562759280204773,0.030340364202857018
29375_right.jpeg,uneven_illumination,0,0.531982421875,0.453281044960022,0.014736541546881199
29375_right.jpeg,fov_misalignment,0,0.9712573289871216,0.028076058253645897,0.0006665985565632582
29375_right.jpeg,jpeg_q25,0,0.9122899174690247,0.08610669523477554,0.0016033470164984465
8909_left.jpeg,baseline,0,0.9535567164421082,0.04631707817316055,0.00012614575098268688
8909_left.jpeg,defocus_blur,1,0.326966792345047,0.6645941734313965,0.00843905471265316
8909_left.jpeg,low_light,0,0.6622658371925354,0.32840609550476074,0.009328015148639679
8909_left.jpeg,uneven_illumination,0,0.6930361986160278,0.3000901937484741,0.006873612757772207
8909_left.jpeg,fov_misalignment,0,0.900347888469696,0.0983097031712532,0.0013423403725028038
8909_left.jpeg,jpeg_q25,0,0.9496389627456665,0.05020909756422043,0.00015191039710771292
6521_right.jpeg,baseline,1,0.4148692488670349,0.4776468575000763,0.10748392343521118
6521_right.jpeg,defocus_blur,1,0.1571195423603058,0.6268295645713806,0.2160508781671524
6521_right.jpeg,low_light,2,0.00908824522048235,0.05245513841509819,0.9384565949440002
6521_right.jpeg,uneven_illumination,2,0.0005384910618886352,0.009413854219019413,0.9900475740432739
6521_right.jpeg,fov_misalignment,2,0.020184725522994995,0.3422679603099823,0.6375473141670227
6521_right.jpeg,jpeg_q25,1,0.24674737453460693,0.5793217420578003,0.17393092811107635
20724_right.jpeg,baseline,0,0.9944207072257996,0.005500168539583683,7.908306724857539e-05
20724_right.jpeg,defocus_blur,0,0.9827441573143005,0.017062930390238762,0.00019279474508948624
20724_right.jpeg,low_light,0,0.924063503742218,0.06699133664369583,0.008945233188569546
20724_right.jpeg,uneven_illumination,0,0.9755529165267944,0.02233390137553215,0.0021132223773747683
20724_right.jpeg,fov_misalignment,0,0.94631028175354,0.04854036122560501,0.005149368196725845
20724_right.jpeg,jpeg_q25,0,0.9941184520721436,0.005780866835266352,0.00010068702977150679
11568_right.jpeg,baseline,0,0.9979724287986755,0.0020218666177242994,5.722699370380724e-06
11568_right.jpeg,defocus_blur,0,0.9818551540374756,0.01797906868159771,0.00016575766494497657
11568_right.jpeg,low_light,0,0.9760298728942871,0.02331634610891342,0.0006537835579365492
11568_right.jpeg,uneven_illumination,0,0.9798052906990051,0.01991545408964157,0.00027922034496441483
11568_right.jpeg,fov_misalignment,0,0.9988790154457092,0.0011119588743895292,9.007777407532558e-06
11568_right.jpeg,jpeg_q25,0,0.9977830052375793,0.00221227272413671,4.785011242347537e-06
31023_left.jpeg,baseline,0,0.891412615776062,0.10727223008871078,0.0013150980230420828
31023_left.jpeg,defocus_blur,0,0.816499650478363,0.18260319530963898,0.0008971770294010639
31023_left.jpeg,low_light,1,0.41515588760375977,0.4231964349746704,0.1616477221250534
31023_left.jpeg,uneven_illumination,2,0.09556058049201965,0.42465460300445557,0.47978484630584717
31023_left.jpeg,fov_misalignment,0,0.6829670667648315,0.31084686517715454,0.006186089012771845
31023_left.jpeg,jpeg_q25,0,0.8843971490859985,0.11390954256057739,0.0016933251172304153
22072_right.jpeg,baseline,0,0.9973753690719604,0.0026222090236842632,2.325391506019514e-06
22072_right.jpeg,defocus_blur,0,0.9841582775115967,0.015827441588044167,1.432529552403139e-05
22072_right.jpeg,low_light,0,0.9698010087013245,0.02992861717939377,0.00027043549926020205
22072_right.jpeg,uneven_illumination,0,0.9910975694656372,0.008797849528491497,0.00010458993347128853
22072_right.jpeg,fov_misalignment,0,0.9566823840141296,0.04299185797572136,0.00032581662526354194
22072_right.jpeg,jpeg_q25,0,0.9970754384994507,0.0029221251606941223,2.4571818357799202e-06
25576_right.jpeg,baseline,0,0.9334689974784851,0.06033327430486679,0.006197765003889799
25576_right.jpeg,defocus_blur,0,0.6367891430854797,0.1910172998905182,0.17219361662864685
25576_right.jpeg,low_light,2,0.07321982085704803,0.062080059200525284,0.8647001385688782
25576_right.jpeg,uneven_illumination,2,0.3921954035758972,0.12272660434246063,0.48507800698280334
25576_right.jpeg,fov_misalignment,0,0.6089533567428589,0.21899917721748352,0.1720474511384964
25576_right.jpeg,jpeg_q25,0,0.8750113844871521,0.09716536849737167,0.027823280543088913
13061_left.jpeg,baseline,0,0.9656273126602173,0.032399870455265045,0.001972849713638425
13061_left.jpeg,defocus_blur,0,0.9359234571456909,0.061260830610990524,0.0028157138731330633
13061_left.jpeg,low_light,0,0.8109369874000549,0.13288672268390656,0.056176360696554184
13061_left.jpeg,uneven_illumination,0,0.7867186665534973,0.1746950000524521,0.0385863371193409
13061_left.jpeg,fov_misalignment,0,0.9331668019294739,0.0619087815284729,0.004924382083117962
13061_left.jpeg,jpeg_q25,0,0.9784438610076904,0.020412465557456017,0.0011436041677370667
11586_left.jpeg,baseline,0,0.9981805086135864,0.0018164041684940457,3.0377223083633e-06
11586_left.jpeg,defocus_blur,0,0.9871250987052917,0.012800060212612152,7.482150249416009e-05
11586_left.jpeg,low_light,0,0.9903451800346375,0.009435797110199928,0.00021898695558775216
11586_left.jpeg,uneven_illumination,0,0.9826167225837708,0.01664477214217186,0.0007384715718217194
11586_left.jpeg,fov_misalignment,0,0.9984305500984192,0.0015670619904994965,2.436437853248208e-06
11586_left.jpeg,jpeg_q25,0,0.9971354007720947,0.002861031098291278,3.5820148696075194e-06
17108_right.jpeg,baseline,0,0.6116654872894287,0.38586118817329407,0.0024732898455113173
17108_right.jpeg,defocus_blur,1,0.3789351284503937,0.6190996170043945,0.0019652468618005514
17108_right.jpeg,low_light,1,0.25610679388046265,0.7037114500999451,0.0401817262172699
17108_right.jpeg,uneven_illumination,1,0.4509832561016083,0.533004641532898,0.016012020409107208
17108_right.jpeg,fov_misalignment,1,0.2759053409099579,0.7172197103500366,0.006874873302876949
17108_right.jpeg,jpeg_q25,1,0.47980791330337524,0.5160890817642212,0.0041030277498066425
22301_right.jpeg,baseline,0,0.9316467642784119,0.06827367097139359,7.951776206027716e-05
22301_right.jpeg,defocus_blur,0,0.774974524974823,0.22452236711978912,0.0005030843894928694
22301_right.jpeg,low_light,0,0.8276039958000183,0.17110630869865417,0.0012897866545245051
22301_right.jpeg,uneven_illumination,0,0.8138808608055115,0.18415823578834534,0.0019608691800385714
22301_right.jpeg,fov_misalignment,0,0.9758203029632568,0.02401004359126091,0.00016959580534603447
22301_right.jpeg,jpeg_q25,0,0.9208324551582336,0.07904346287250519,0.00012401238200254738
22896_right.jpeg,baseline,0,0.5205106139183044,0.470380961894989,0.009108473546802998
22896_right.jpeg,defocus_blur,1,0.3003440499305725,0.6888036727905273,0.01085221953690052
22896_right.jpeg,low_light,1,0.08787927031517029,0.7637450695037842,0.14837554097175598
22896_right.jpeg,uneven_illumination,1,0.05686578527092934,0.7505618333816528,0.19257231056690216
22896_right.jpeg,fov_misalignment,0,0.4995274245738983,0.4756059944629669,0.024866554886102676
22896_right.jpeg,jpeg_q25,0,0.5221148133277893,0.4610515832901001,0.01683361455798149
30579_right.jpeg,baseline,0,0.9189828634262085,0.0775897279381752,0.0034274309873580933
30579_right.jpeg,defocus_blur,0,0.8390086889266968,0.1575569212436676,0.003434400074183941
30579_right.jpeg,low_light,0,0.8341189026832581,0.12709732353687286,0.0387837290763855
30579_right.jpeg,uneven_illumination,0,0.8659644722938538,0.10480845719575882,0.029227029532194138
30579_right.jpeg,fov_misalignment,0,0.8862987756729126,0.11145222187042236,0.0022490036208182573
30579_right.jpeg,jpeg_q25,0,0.8944340348243713,0.09971816092729568,0.005847788881510496
17774_right.jpeg,baseline,0,0.8000884056091309,0.19962932169437408,0.00028217872022651136
17774_right.jpeg,defocus_blur,0,0.50278240442276,0.49605074524879456,0.0011669071391224861
17774_right.jpeg,low_light,0,0.5589306354522705,0.4132551848888397,0.027814185246825218
17774_right.jpeg,uneven_illumination,0,0.7464492321014404,0.24702949821949005,0.006521225906908512
17774_right.jpeg,fov_misalignment,0,0.5426785349845886,0.4553711414337158,0.0019503614166751504
17774_right.jpeg,jpeg_q25,0,0.7591477036476135,0.24018903076648712,0.00066329725086689
22405_left.jpeg,baseline,0,0.9673582911491394,0.03260450065135956,3.725516580743715e-05
22405_left.jpeg,defocus_blur,0,0.8000871539115906,0.19920682907104492,0.0007059951894916594
22405_left.jpeg,low_light,0,0.6174440979957581,0.36643722653388977,0.01611865498125553
22405_left.jpeg,uneven_illumination,0,0.5978484153747559,0.37247052788734436,0.02968106046319008
22405_left.jpeg,fov_misalignment,0,0.7308353781700134,0.26683294773101807,0.0023316144943237305
22405_left.jpeg,jpeg_q25,0,0.9463003277778625,0.05359514057636261,0.00010452595597598702
15883_right.jpeg,baseline,0,0.9983433485031128,0.001641500974074006,1.5063445061969105e-05
15883_right.jpeg,defocus_blur,0,0.9883108735084534,0.011457322165369987,0.00023175179376266897
15883_right.jpeg,low_light,0,0.9713395833969116,0.027218088507652283,0.0014423318207263947
15883_right.jpeg,uneven_illumination,0,0.9734702110290527,0.02550586126744747,0.0010239254916086793
15883_right.jpeg,fov_misalignment,0,0.995699405670166,0.00421637948602438,8.422310929745436e-05
15883_right.jpeg,jpeg_q25,0,0.9988155364990234,0.0011769538978114724,7.515989182138583e-06
10753_right.jpeg,baseline,0,0.8788114786148071,0.12066598981618881,0.0005225611384958029
10753_right.jpeg,defocus_blur,0,0.7010221481323242,0.29580897092819214,0.003168798051774502
10753_right.jpeg,low_light,0,0.6706631779670715,0.28527286648750305,0.04406397044658661
10753_right.jpeg,uneven_illumination,0,0.7889394760131836,0.1838720440864563,0.027188541367650032
10753_right.jpeg,fov_misalignment,0,0.6550403237342834,0.3401678502559662,0.004791794344782829
10753_right.jpeg,jpeg_q25,0,0.8362547159194946,0.16262032091617584,0.0011249702656641603
11501_right.jpeg,baseline,0,0.9031375646591187,0.09155786037445068,0.005304677877575159
11501_right.jpeg,defocus_blur,0,0.7489808797836304,0.2235409915447235,0.027478160336613655
11501_right.jpeg,low_light,0,0.374717652797699,0.2655014991760254,0.359780877828598
11501_right.jpeg,uneven_illumination,0,0.6101884245872498,0.20059458911418915,0.18921704590320587
11501_right.jpeg,fov_misalignment,0,0.8762558698654175,0.10126779973506927,0.02247631922364235
11501_right.jpeg,jpeg_q25,0,0.8909537196159363,0.10124567896127701,0.007800602819770575
14360_right.jpeg,baseline,0,0.9537957906723022,0.04593973234295845,0.00026451025041751564
14360_right.jpeg,defocus_blur,0,0.8796578645706177,0.11866353452205658,0.0016786032356321812
14360_right.jpeg,low_light,0,0.7935094833374023,0.19463954865932465,0.01185096986591816
14360_right.jpeg,uneven_illumination,0,0.8070412874221802,0.18688872456550598,0.006069968920201063
14360_right.jpeg,fov_misalignment,0,0.9720104932785034,0.027739036828279495,0.00025049419491551816
14360_right.jpeg,jpeg_q25,0,0.9640326499938965,0.03574368730187416,0.00022368176723830402
27408_left.jpeg,baseline,0,0.9929947257041931,0.006665664725005627,0.00033963151508942246
27408_left.jpeg,defocus_blur,0,0.9923518300056458,0.007056716363877058,0.0005915070069022477
27408_left.jpeg,low_light,0,0.8768427968025208,0.07298382371664047,0.0501733161509037
27408_left.jpeg,uneven_illumination,0,0.8295376896858215,0.06887301802635193,0.10158927738666534
27408_left.jpeg,fov_misalignment,0,0.9873061180114746,0.011737823486328125,0.0009560053586028516
27408_left.jpeg,jpeg_q25,0,0.9908552169799805,0.0086372010409832,0.0005075605004094541
30993_left.jpeg,baseline,0,0.9918768405914307,0.008108740672469139,1.446881014999235e-05
30993_left.jpeg,defocus_blur,0,0.9607450366020203,0.039100173860788345,0.00015476334374397993
30993_left.jpeg,low_light,0,0.939693033695221,0.05737457051873207,0.0029323764611035585
30993_left.jpeg,uneven_illumination,0,0.9610164761543274,0.03606336936354637,0.0029201984871178865
30993_left.jpeg,fov_misalignment,0,0.8856932520866394,0.11034988611936569,0.003956779837608337
30993_left.jpeg,jpeg_q25,0,0.9890860319137573,0.01089358888566494,2.0418574422365054e-05
27639_left.jpeg,baseline,0,0.9980635046958923,0.0019305130699649453,5.918178430874832e-06
27639_left.jpeg,defocus_blur,0,0.9973133206367493,0.0026760671753436327,1.062612409441499e-05
27639_left.jpeg,low_light,0,0.987514853477478,0.012320209294557571,0.00016488296387251467
27639_left.jpeg,uneven_illumination,0,0.980695903301239,0.018873393535614014,0.0004306559858378023
27639_left.jpeg,fov_misalignment,0,0.9991982579231262,0.0008003524271771312,1.4786903648200678e-06
27639_left.jpeg,jpeg_q25,0,0.9975759387016296,0.002414568793028593,9.537685400573537e-06
15822_right.jpeg,baseline,0,0.9840604066848755,0.01588914729654789,5.049196624895558e-05
15822_right.jpeg,defocus_blur,0,0.9107338190078735,0.0888792872428894,0.0003869880165439099
15822_right.jpeg,low_light,0,0.8133077025413513,0.1788196861743927,0.007872510701417923
15822_right.jpeg,uneven_illumination,0,0.9010912179946899,0.09601333737373352,0.0028954690787941217
15822_right.jpeg,fov_misalignment,0,0.931451678276062,0.06804373860359192,0.0005045868456363678
15822_right.jpeg,jpeg_q25,0,0.9784963130950928,0.021445203572511673,5.8426783652976155e-05
25761_right.jpeg,baseline,0,0.9946655035018921,0.005198958795517683,0.0001355030108243227
25761_right.jpeg,defocus_blur,0,0.9645113348960876,0.0335514098405838,0.0019372458336874843
25761_right.jpeg,low_light,0,0.9065729975700378,0.0790809839963913,0.014346009120345116
25761_right.jpeg,uneven_illumination,0,0.9499928951263428,0.04596106708049774,0.0040460689924657345
25761_right.jpeg,fov_misalignment,0,0.9890679717063904,0.010818052105605602,0.00011406847625039518
25761_right.jpeg,jpeg_q25,0,0.9933837056159973,0.006447100080549717,0.00016920566849876195
132_right.jpeg,baseline,0,0.9738662242889404,0.02594049461185932,0.00019327711197547615
132_right.jpeg,defocus_blur,0,0.7996865510940552,0.19696113467216492,0.0033522520679980516
132_right.jpeg,low_light,0,0.8471041321754456,0.13408541679382324,0.01881043240427971
132_right.jpeg,uneven_illumination,0,0.9000173211097717,0.09165073186159134,0.008331923745572567
132_right.jpeg,fov_misalignment,0,0.8930209279060364,0.10188991576433182,0.005089099518954754
132_right.jpeg,jpeg_q25,0,0.9646231532096863,0.03506160154938698,0.00031522143399342895
29607_right.jpeg,baseline,0,0.9986012578010559,0.0013954309979453683,3.275411245340365e-06
29607_right.jpeg,defocus_blur,0,0.9960259199142456,0.0039537264965474606,2.0321705960668623e-05
29607_right.jpeg,low_light,0,0.9877080917358398,0.012080313637852669,0.00021159079915378243
29607_right.jpeg,uneven_illumination,0,0.9906762838363647,0.009088550694286823,0.0002351526782149449
29607_right.jpeg,fov_misalignment,0,0.9928050637245178,0.007127613760530949,6.728772132191807e-05
29607_right.jpeg,jpeg_q25,0,0.9986923336982727,0.0013039297191426158,3.843204467557371e-06
24718_right.jpeg,baseline,0,0.9911148548126221,0.008868537843227386,1.6580732335569337e-05
24718_right.jpeg,defocus_blur,0,0.9674871563911438,0.03238027170300484,0.00013252814824227244
24718_right.jpeg,low_light,0,0.9009895920753479,0.0934852659702301,0.005525046959519386
24718_right.jpeg,uneven_illumination,0,0.9559502601623535,0.042725011706352234,0.0013247918104752898
24718_right.jpeg,fov_misalignment,0,0.9663191437721252,0.03268246352672577,0.0009984077187255025
24718_right.jpeg,jpeg_q25,0,0.9921099543571472,0.007873408496379852,1.6691794371581636e-05
29222_right.jpeg,baseline,0,0.8658729195594788,0.1300545334815979,0.004072512499988079
29222_right.jpeg,defocus_blur,0,0.5426517128944397,0.436033695936203,0.021314522251486778
29222_right.jpeg,low_light,1,0.3972723186016083,0.528559684753418,0.07416806370019913
29222_right.jpeg,uneven_illumination,1,0.2759072184562683,0.5382842421531677,0.18580852448940277
29222_right.jpeg,fov_misalignment,0,0.5932830572128296,0.3618078827857971,0.04490911215543747
29222_right.jpeg,jpeg_q25,0,0.8089810013771057,0.18417969346046448,0.006839284673333168
14704_right.jpeg,baseline,0,0.9893488883972168,0.010576111264526844,7.504786481149495e-05
14704_right.jpeg,defocus_blur,0,0.9395034909248352,0.05928276479244232,0.001213745097629726
14704_right.jpeg,low_light,0,0.8656854629516602,0.08095180988311768,0.05336268991231918
14704_right.jpeg,uneven_illumination,0,0.6941795349121094,0.11058609932661057,0.19523437321186066
14704_right.jpeg,fov_misalignment,0,0.960442304611206,0.03638502210378647,0.003172574331983924
14704_right.jpeg,jpeg_q25,0,0.990938663482666,0.008995071984827518,6.626846879953519e-05
25213_right.jpeg,baseline,0,0.9697707295417786,0.028042377904057503,0.0021868692710995674
25213_right.jpeg,defocus_blur,0,0.9639613032341003,0.03145851567387581,0.004580206703394651
25213_right.jpeg,low_light,0,0.6879973411560059,0.1602078378200531,0.15179479122161865
25213_right.jpeg,uneven_illumination,0,0.7396711707115173,0.1576276421546936,0.10270117223262787
25213_right.jpeg,fov_misalignment,0,0.9262116551399231,0.06452279537916183,0.00926556158810854
25213_right.jpeg,jpeg_q25,0,0.9541203379631042,0.03711754083633423,0.008762048557400703
3179_left.jpeg,baseline,0,0.8073285818099976,0.18949122726917267,0.003180229105055332
3179_left.jpeg,defocus_blur,1,0.07986661791801453,0.825873613357544,0.09425973147153854
3179_left.jpeg,low_light,1,0.3968218266963959,0.5267466306686401,0.07643148303031921
3179_left.jpeg,uneven_illumination,1,0.31694552302360535,0.6021032929420471,0.08095116913318634
3179_left.jpeg,fov_misalignment,0,0.7195813655853271,0.2719630002975464,0.008455628529191017
3179_left.jpeg,jpeg_q25,0,0.8150275945663452,0.18219371140003204,0.002778782742097974
31923_left.jpeg,baseline,0,0.9918466806411743,0.00813431665301323,1.8878397895605303e-05
31923_left.jpeg,defocus_blur,0,0.9658596515655518,0.033643096685409546,0.0004972605966031551
31923_left.jpeg,low_light,0,0.9735141396522522,0.02504103258252144,0.0014448139118030667
31923_left.jpeg,uneven_illumination,0,0.9642688035964966,0.03258131816983223,0.0031497988384217024
31923_left.jpeg,fov_misalignment,0,0.9634422659873962,0.03600161150097847,0.0005560828140005469
31923_left.jpeg,jpeg_q25,0,0.9961457252502441,0.0038456658367067575,8.53894653118914e-06
29487_right.jpeg,baseline,1,0.21228764951229095,0.7314167022705078,0.05629568174481392
29487_right.jpeg,defocus_blur,1,0.06515844166278839,0.7456445097923279,0.18919701874256134
29487_right.jpeg,low_light,2,0.14210617542266846,0.4482812285423279,0.4096125066280365
29487_right.jpeg,uneven_illumination,1,0.07073499262332916,0.6028349995613098,0.3264300525188446
29487_right.jpeg,fov_misalignment,2,0.0013795839622616768,0.08203800767660141,0.9165824055671692
29487_right.jpeg,jpeg_q25,1,0.18441542983055115,0.7335028648376465,0.08208177983760834
37411_right.jpeg,baseline,0,0.8001330494880676,0.19750288128852844,0.0023640315048396587
37411_right.jpeg,defocus_blur,0,0.6021366119384766,0.3917623460292816,0.006101019214838743
37411_right.jpeg,low_light,1,0.31089818477630615,0.6324429512023926,0.056658897548913956
37411_right.jpeg,uneven_illumination,1,0.4744184613227844,0.4901263117790222,0.035455238074064255
37411_right.jpeg,fov_misalignment,0,0.8532432317733765,0.14018018543720245,0.0065765539184212685
37411_right.jpeg,jpeg_q25,0,0.767861545085907,0.22967593371868134,0.0024625477381050587
17090_right.jpeg,baseline,0,0.9989199638366699,0.0010673603974282742,1.2716274795820937e-05
17090_right.jpeg,defocus_blur,0,0.9936590790748596,0.006044834852218628,0.00029617632389999926
17090_right.jpeg,low_light,0,0.9907109141349792,0.007871455512940884,0.001417552470229566
17090_right.jpeg,uneven_illumination,0,0.9850723147392273,0.014208151027560234,0.0007194866193458438
17090_right.jpeg,fov_misalignment,0,0.9607324004173279,0.03850126639008522,0.0007663275464437902
17090_right.jpeg,jpeg_q25,0,0.99906986951828,0.0009146818774752319,1.5499541405006312e-05
10077_right.jpeg,baseline,0,0.7748684287071228,0.22148320078849792,0.0036483320873230696
10077_right.jpeg,defocus_blur,0,0.6397667527198792,0.3508482277393341,0.009385066106915474
10077_right.jpeg,low_light,1,0.3930183947086334,0.5730763673782349,0.03390517830848694
10077_right.jpeg,uneven_illumination,1,0.48304322361946106,0.4992862939834595,0.017670411616563797
10077_right.jpeg,fov_misalignment,1,0.4837838411331177,0.5063219666481018,0.009894195944070816
10077_right.jpeg,jpeg_q25,0,0.8359366655349731,0.16229867935180664,0.0017646228661760688
14818_left.jpeg,baseline,0,0.9990174770355225,0.000980665790848434,1.8379034827376017e-06
14818_left.jpeg,defocus_blur,0,0.9978834986686707,0.002107135718688369,9.34696254262235e-06
14818_left.jpeg,low_light,0,0.9976563453674316,0.002330606337636709,1.307589809584897e-05
14818_left.jpeg,uneven_illumination,0,0.994277834892273,0.005668658763170242,5.340089410310611e-05
14818_left.jpeg,fov_misalignment,0,0.9986771941184998,0.0013187914155423641,4.04115689889295e-06
14818_left.jpeg,jpeg_q25,0,0.9992352724075317,0.0007634669891558588,1.3125895748089533e-06
21613_right.jpeg,baseline,0,0.902776837348938,0.09404926002025604,0.0031738807447254658
21613_right.jpeg,defocus_blur,0,0.6195587515830994,0.36707064509391785,0.013370572589337826
21613_right.jpeg,low_light,0,0.9344806671142578,0.058071400970220566,0.007447863928973675
21613_right.jpeg,uneven_illumination,0,0.9055513739585876,0.08859705179929733,0.005851596128195524
21613_right.jpeg,fov_misalignment,0,0.7849501967430115,0.1867334246635437,0.028316378593444824
21613_right.jpeg,jpeg_q25,0,0.8251218795776367,0.16991564631462097,0.004962436854839325
2477_right.jpeg,baseline,0,0.8474984169006348,0.15215669572353363,0.0003449458163231611
2477_right.jpeg,defocus_blur,0,0.8338493704795837,0.16581900417804718,0.00033157403231598437
2477_right.jpeg,low_light,1,0.3784780502319336,0.6092755794525146,0.012246382422745228
2477_right.jpeg,uneven_illumination,0,0.5588005185127258,0.429721862077713,0.01147758960723877
2477_right.jpeg,fov_misalignment,0,0.9165821075439453,0.08328238129615784,0.0001354591950075701
2477_right.jpeg,jpeg_q25,0,0.7933135032653809,0.20597244799137115,0.0007139862282201648
32701_left.jpeg,baseline,0,0.9887768626213074,0.01120148878544569,2.1651321731042117e-05
32701_left.jpeg,defocus_blur,0,0.9624325037002563,0.037442684173583984,0.00012478102871682495
32701_left.jpeg,low_light,0,0.9626386165618896,0.035675760358572006,0.0016856342554092407
32701_left.jpeg,uneven_illumination,0,0.9594191312789917,0.03980815038084984,0.0007727060583420098
32701_left.jpeg,fov_misalignment,0,0.885892927646637,0.1116923838853836,0.0024147192016243935
32701_left.jpeg,jpeg_q25,0,0.9890239238739014,0.010951024480164051,2.505511110939551e-05
10033_right.jpeg,baseline,0,0.9842051863670349,0.015601076185703278,0.00019366556080058217
10033_right.jpeg,defocus_blur,0,0.9459654688835144,0.05283305048942566,0.0012014558305963874
10033_right.jpeg,low_light,0,0.8667805790901184,0.12800171971321106,0.0052176727913320065
10033_right.jpeg,uneven_illumination,0,0.9037232995033264,0.09122468531131744,0.005051995627582073
10033_right.jpeg,fov_misalignment,0,0.9352564811706543,0.06309624016284943,0.0016472854185849428
10033_right.jpeg,jpeg_q25,0,0.9642234444618225,0.03504401445388794,0.0007325024926103652
2393_left.jpeg,baseline,0,0.8512231111526489,0.14666737616062164,0.0021095406264066696
2393_left.jpeg,defocus_blur,0,0.7144308090209961,0.2821667194366455,0.0034024068154394627
2393_left.jpeg,low_light,1,0.3536970913410187,0.5499902963638306,0.09631266444921494
2393_left.jpeg,uneven_illumination,0,0.6736516356468201,0.20965424180030823,0.11669418215751648
2393_left.jpeg,fov_misalignment,0,0.7241174578666687,0.27287352085113525,0.0030090264044702053
2393_left.jpeg,jpeg_q25,0,0.8569327592849731,0.14118249714374542,0.0018847306491807103
11843_left.jpeg,baseline,0,0.9696672558784485,0.030148347839713097,0.00018441736756358296
11843_left.jpeg,defocus_blur,0,0.7221445441246033,0.2715108394622803,0.00634461035951972
11843_left.jpeg,low_light,0,0.8262845277786255,0.16464044153690338,0.009075041860342026
11843_left.jpeg,uneven_illumination,0,0.8088065385818481,0.17239274084568024,0.018800778314471245
11843_left.jpeg,fov_misalignment,0,0.986365795135498,0.013593119569122791,4.101769081898965e-05
11843_left.jpeg,jpeg_q25,0,0.9771744608879089,0.022642027586698532,0.00018344468844588846
2165_left.jpeg,baseline,0,0.9943060278892517,0.005665076430886984,2.893984128604643e-05
2165_left.jpeg,defocus_blur,0,0.9868196249008179,0.013035548850893974,0.00014477666991297156
2165_left.jpeg,low_light,0,0.9712012410163879,0.02743789367377758,0.001360781374387443
2165_left.jpeg,uneven_illumination,0,0.9664377570152283,0.029896380379796028,0.0036658805329352617
2165_left.jpeg,fov_misalignment,0,0.9943450689315796,0.005625429097563028,2.9484586775652133e-05
2165_left.jpeg,jpeg_q25,0,0.9956270456314087,0.004341199528425932,3.163710789522156e-05
18936_left.jpeg,baseline,0,0.9878204464912415,0.012151859700679779,2.7648191462503746e-05
18936_left.jpeg,defocus_blur,0,0.9773297309875488,0.022625712677836418,4.448951222002506e-05
18936_left.jpeg,low_light,0,0.9712622165679932,0.028240391984581947,0.0004973672330379486
18936_left.jpeg,uneven_illumination,0,0.9410046935081482,0.05680167302489281,0.002193606924265623
18936_left.jpeg,fov_misalignment,0,0.994642972946167,0.0053507001139223576,6.339743777061813e-06
18936_left.jpeg,jpeg_q25,0,0.9811962842941284,0.0187577735632658,4.592856566887349e-05
32853_right.jpeg,baseline,0,0.9942997694015503,0.005481592379510403,0.000218602130189538
32853_right.jpeg,defocus_blur,0,0.9769821166992188,0.021356821060180664,0.0016610404709354043
32853_right.jpeg,low_light,0,0.9258598685264587,0.058283209800720215,0.015856891870498657
32853_right.jpeg,uneven_illumination,0,0.9704145789146423,0.022960403934121132,0.006625008769333363
32853_right.jpeg,fov_misalignment,0,0.972274124622345,0.026092035695910454,0.0016339380526915193
32853_right.jpeg,jpeg_q25,0,0.9941105246543884,0.005657500587403774,0.0002319015475222841
19772_right.jpeg,baseline,0,0.9735286235809326,0.026425955817103386,4.532831735559739e-05
19772_right.jpeg,defocus_blur,0,0.8538394570350647,0.14522340893745422,0.0009371247724629939
19772_right.jpeg,low_light,0,0.7011935710906982,0.28880488872528076,0.010001474060118198
19772_right.jpeg,uneven_illumination,0,0.6384071111679077,0.3377331495285034,0.0238597821444273
19772_right.jpeg,fov_misalignment,0,0.9381070137023926,0.06068472936749458,0.001208283705636859
19772_right.jpeg,jpeg_q25,0,0.9724577069282532,0.027501815930008888,4.049030758324079e-05
15172_left.jpeg,baseline,0,0.9018614292144775,0.09797145426273346,0.00016715266974642873
15172_left.jpeg,defocus_blur,1,0.4270038902759552,0.5692052841186523,0.0037908130325376987
15172_left.jpeg,low_light,1,0.32434025406837463,0.6517728567123413,0.0238869059830904
15172_left.jpeg,uneven_illumination,0,0.6566116809844971,0.3265697658061981,0.016818547621369362
15172_left.jpeg,fov_misalignment,1,0.4208964407444,0.571621298789978,0.007482239045202732
15172_left.jpeg,jpeg_q25,0,0.8473052978515625,0.15251275897026062,0.000181903742486611
2651_right.jpeg,baseline,0,0.9806005358695984,0.01882581040263176,0.0005735880695283413
2651_right.jpeg,defocus_blur,0,0.7928693890571594,0.16620449721813202,0.04092610627412796
2651_right.jpeg,low_light,0,0.9404087662696838,0.041857607662677765,0.017733603715896606
2651_right.jpeg,uneven_illumination,0,0.9038482308387756,0.06642554700374603,0.029726281762123108
2651_right.jpeg,fov_misalignment,0,0.8462338447570801,0.1312149614095688,0.022551167756319046
2651_right.jpeg,jpeg_q25,0,0.9815090894699097,0.01804986596107483,0.0004410487017594278
17192_right.jpeg,baseline,0,0.9607910513877869,0.03915749862790108,5.144842725712806e-05
17192_right.jpeg,defocus_blur,0,0.9381619691848755,0.06179112568497658,4.680757047026418e-05
17192_right.jpeg,low_light,0,0.8785268068313599,0.11858303099870682,0.0028901828918606043
17192_right.jpeg,uneven_illumination,0,0.961082398891449,0.03809870034456253,0.0008187937783077359
17192_right.jpeg,fov_misalignment,0,0.9009760022163391,0.09830484539270401,0.0007192271295934916
17192_right.jpeg,jpeg_q25,0,0.9761448502540588,0.02379235252737999,6.281647802097723e-05
6003_left.jpeg,baseline,0,0.6069033741950989,0.26630276441574097,0.12679390609264374
6003_left.jpeg,defocus_blur,0,0.5468987226486206,0.3115518093109131,0.1415494829416275
6003_left.jpeg,low_light,2,0.38946375250816345,0.18902826309204102,0.42150792479515076
6003_left.jpeg,uneven_illumination,0,0.5019680857658386,0.27393200993537903,0.22409987449645996
6003_left.jpeg,fov_misalignment,0,0.5423367023468018,0.32504791021347046,0.13261531293392181
6003_left.jpeg,jpeg_q25,0,0.7965003848075867,0.1476607471704483,0.05583890154957771
29947_right.jpeg,baseline,0,0.7033321857452393,0.2964009642601013,0.00026681131566874683
29947_right.jpeg,defocus_blur,1,0.14178870618343353,0.8535473346710205,0.004663954023271799
29947_right.jpeg,low_light,0,0.5429320931434631,0.4382748603820801,0.01879310794174671
29947_right.jpeg,uneven_illumination,1,0.21559549868106842,0.6604019403457642,0.12400258332490921
29947_right.jpeg,fov_misalignment,1,0.46205753087997437,0.5297744274139404,0.0081681152805686
29947_right.jpeg,jpeg_q25,0,0.8101273775100708,0.1897357553243637,0.00013682304415851831
18424_left.jpeg,baseline,0,0.9604479670524597,0.03869558125734329,0.0008565105963498354
18424_left.jpeg,defocus_blur,0,0.9213767051696777,0.0749175101518631,0.003705814480781555
18424_left.jpeg,low_light,0,0.8180875778198242,0.15682320296764374,0.025089243426918983
18424_left.jpeg,uneven_illumination,0,0.7707827091217041,0.2057666778564453,0.023450559005141258
18424_left.jpeg,fov_misalignment,0,0.8099901676177979,0.1867159754037857,0.0032938739750534296
18424_left.jpeg,jpeg_q25,0,0.9225977063179016,0.0744393840432167,0.0029628737829625607
32179_right.jpeg,baseline,0,0.9894238114356995,0.010488088242709637,8.806798723526299e-05
32179_right.jpeg,defocus_blur,0,0.9719936847686768,0.027346761897206306,0.0006595526938326657
32179_right.jpeg,low_light,0,0.9465623497962952,0.04784905165433884,0.00558858597651124
32179_right.jpeg,uneven_illumination,0,0.961402177810669,0.03571503609418869,0.0028826994821429253
32179_right.jpeg,fov_misalignment,0,0.9632143974304199,0.03517923504114151,0.0016063509974628687
32179_right.jpeg,jpeg_q25,0,0.9894871711730957,0.010458534583449364,5.423932816484012e-05
2799_left.jpeg,baseline,0,0.9985430240631104,0.0013959381030872464,6.1033999372739345e-05
2799_left.jpeg,defocus_blur,0,0.9784135818481445,0.019419420510530472,0.0021669697016477585
2799_left.jpeg,low_light,0,0.9942388534545898,0.004869459662586451,0.0008917021914385259
2799_left.jpeg,uneven_illumination,0,0.9873456358909607,0.008802864700555801,0.0038515222258865833
2799_left.jpeg,fov_misalignment,0,0.9921051263809204,0.006967999506741762,0.000926835578866303
2799_left.jpeg,jpeg_q25,0,0.9986684322357178,0.0012458569835871458,8.576313121011481e-05
36063_left.jpeg,baseline,0,0.9783480763435364,0.021467037498950958,0.0001848712272476405
36063_left.jpeg,defocus_blur,0,0.9472646117210388,0.05181003361940384,0.0009253441239707172
36063_left.jpeg,low_light,0,0.8189893364906311,0.16647206246852875,0.014538649469614029
36063_left.jpeg,uneven_illumination,0,0.8436722755432129,0.14948037266731262,0.006847362965345383
36063_left.jpeg,fov_misalignment,0,0.9454284310340881,0.0540362149477005,0.000535308092366904
36063_left.jpeg,jpeg_q25,0,0.9862244129180908,0.013631601817905903,0.00014405956608243287
21815_right.jpeg,baseline,0,0.999482274055481,0.0004908245173282921,2.69247484538937e-05
21815_right.jpeg,defocus_blur,0,0.9990059733390808,0.0008988960762508214,9.514506382402033e-05
21815_right.jpeg,low_light,0,0.9949854612350464,0.0031976113095879555,0.0018168323440477252
21815_right.jpeg,uneven_illumination,0,0.9960766434669495,0.0033384484704583883,0.0005849319277331233
21815_right.jpeg,fov_misalignment,0,0.9886332154273987,0.007999205030500889,0.0033675190061330795
21815_right.jpeg,jpeg_q25,0,0.9994687438011169,0.0005048030870966613,2.6447794880368747e-05
33477_right.jpeg,baseline,1,0.28220134973526,0.7124994993209839,0.0052991327829658985
33477_right.jpeg,defocus_blur,1,0.17324042320251465,0.7903560400009155,0.03640361130237579
33477_right.jpeg,low_light,1,0.1398119032382965,0.799507200717926,0.06068083271384239
33477_right.jpeg,uneven_illumination,1,0.1259293258190155,0.7913061380386353,0.08276453614234924
33477_right.jpeg,fov_misalignment,1,0.2534083425998688,0.7157624363899231,0.03082926757633686
33477_right.jpeg,jpeg_q25,1,0.3158535361289978,0.6726400256156921,0.01150642242282629
32395_right.jpeg,baseline,0,0.8560424447059631,0.141621395945549,0.0023362054489552975
32395_right.jpeg,defocus_blur,0,0.5767939686775208,0.414338082075119,0.008867913857102394
32395_right.jpeg,low_light,2,0.13190221786499023,0.4263005256652832,0.4417971670627594
32395_right.jpeg,uneven_illumination,1,0.11801692843437195,0.515304446220398,0.3666785955429077
32395_right.jpeg,fov_misalignment,1,0.34478458762168884,0.590008556842804,0.06520683318376541
32395_right.jpeg,jpeg_q25,0,0.8815747499465942,0.11396758258342743,0.00445773359388113
12943_right.jpeg,baseline,0,0.9876689314842224,0.012280413880944252,5.067837264505215e-05
12943_right.jpeg,defocus_blur,0,0.8443982601165771,0.1534457802772522,0.0021558916196227074
12943_right.jpeg,low_light,0,0.9200238585472107,0.07129914313554764,0.008677076548337936
12943_right.jpeg,uneven_illumination,0,0.9430273175239563,0.052453797310590744,0.004518833942711353
12943_right.jpeg,fov_misalignment,0,0.9617903828620911,0.037787847220897675,0.0004216837987769395
12943_right.jpeg,jpeg_q25,0,0.9830165505409241,0.01689404994249344,8.943964348873124e-05
2075_right.jpeg,baseline,0,0.9945889711380005,0.005404778756201267,6.29196256340947e-06
2075_right.jpeg,defocus_blur,0,0.990231454372406,0.009743986651301384,2.4498072889400646e-05
2075_right.jpeg,low_light,0,0.9735924601554871,0.02599291130900383,0.00041454003076069057
2075_right.jpeg,uneven_illumination,0,0.9923477172851562,0.007592824287712574,5.949150363449007e-05
2075_right.jpeg,fov_misalignment,0,0.9715228080749512,0.02821466512978077,0.0002625862252898514
2075_right.jpeg,jpeg_q25,0,0.9953328967094421,0.004659663885831833,7.532805739174364e-06
24833_right.jpeg,baseline,0,0.9854855537414551,0.014323791489005089,0.00019062731007579714
24833_right.jpeg,defocus_blur,0,0.9792286157608032,0.020545395091176033,0.0002259577886434272
24833_right.jpeg,low_light,0,0.9740678668022156,0.023754069581627846,0.0021780889946967363
24833_right.jpeg,uneven_illumination,0,0.9744101166725159,0.02365158312022686,0.0019383199978619814
24833_right.jpeg,fov_misalignment,0,0.9506239295005798,0.04875953122973442,0.0006164899677969515
24833_right.jpeg,jpeg_q25,0,0.987307608127594,0.012432185932993889,0.00026025340775959194
19085_right.jpeg,baseline,0,0.973193883895874,0.026710713282227516,9.543158375890926e-05
19085_right.jpeg,defocus_blur,0,0.9501944184303284,0.0494675375521183,0.0003379813570063561
19085_right.jpeg,low_light,0,0.7796412706375122,0.20991256833076477,0.010446147993206978
19085_right.jpeg,uneven_illumination,0,0.833284854888916,0.1622907519340515,0.004424390383064747
19085_right.jpeg,fov_misalignment,0,0.9456701874732971,0.054084450006484985,0.000245431816438213
19085_right.jpeg,jpeg_q25,0,0.9769391417503357,0.02297252230346203,8.838744543027133e-05
27717_right.jpeg,baseline,0,0.8936172723770142,0.1037924662232399,0.0025901738554239273
27717_right.jpeg,defocus_blur,0,0.7079571485519409,0.2833665907382965,0.008676351048052311
27717_right.jpeg,low_light,1,0.35203373432159424,0.48199278116226196,0.1659734696149826
27717_right.jpeg,uneven_illumination,0,0.772068202495575,0.20680995285511017,0.021121837198734283
27717_right.jpeg,fov_misalignment,0,0.5072294473648071,0.46826139092445374,0.024509165436029434
27717_right.jpeg,jpeg_q25,0,0.8787321448326111,0.11757028847932816,0.0036975855473428965
27786_right.jpeg,baseline,0,0.9584081172943115,0.041482966393232346,0.00010888653196161613
27786_right.jpeg,defocus_blur,0,0.891903281211853,0.1078488752245903,0.0002478307578712702
27786_right.jpeg,low_light,0,0.8674581050872803,0.12889622151851654,0.0036457160022109747
27786_right.jpeg,uneven_illumination,0,0.970648467540741,0.028800036758184433,0.0005514505319297314
27786_right.jpeg,fov_misalignment,0,0.6682387590408325,0.327894926071167,0.0038662778679281473
27786_right.jpeg,jpeg_q25,0,0.955507218837738,0.04428327456116676,0.0002094906085403636
37545_left.jpeg,baseline,0,0.9931337833404541,0.006802018731832504,6.412996299332008e-05
37545_left.jpeg,defocus_blur,0,0.9165496826171875,0.08004932850599289,0.0034009856171905994
37545_left.jpeg,low_light,0,0.8824222087860107,0.09312445670366287,0.02445331960916519
37545_left.jpeg,uneven_illumination,0,0.8892892599105835,0.08569014072418213,0.025020495057106018
37545_left.jpeg,fov_misalignment,0,0.9315418601036072,0.06255447119474411,0.005903678946197033
37545_left.jpeg,jpeg_q25,0,0.9887669682502747,0.011118478141725063,0.00011460361565696076
26201_right.jpeg,baseline,0,0.9797114729881287,0.020249703899025917,3.878865027218126e-05
26201_right.jpeg,defocus_blur,0,0.9413833022117615,0.058534763753414154,8.190031803678721e-05
26201_right.jpeg,low_light,0,0.8935630321502686,0.10480089485645294,0.0016361018642783165
26201_right.jpeg,uneven_illumination,0,0.9348155856132507,0.06356140971183777,0.0016230427427217364
26201_right.jpeg,fov_misalignment,0,0.9537907838821411,0.04588310793042183,0.0003260460216552019
26201_right.jpeg,jpeg_q25,0,0.9831287264823914,0.01684378832578659,2.737879185588099e-05
13723_left.jpeg,baseline,0,0.8395074605941772,0.15824836492538452,0.0022440869361162186
13723_left.jpeg,defocus_blur,0,0.7104430198669434,0.2843233048915863,0.005233644507825375
13723_left.jpeg,low_light,2,0.11753907054662704,0.44842520356178284,0.43403568863868713
13723_left.jpeg,uneven_illumination,0,0.4428192377090454,0.35151711106300354,0.20566363632678986
13723_left.jpeg,fov_misalignment,0,0.8348662257194519,0.16271154582500458,0.002422165358439088
13723_left.jpeg,jpeg_q25,0,0.6778779029846191,0.3045117259025574,0.017610402777791023
15969_right.jpeg,baseline,0,0.9361250400543213,0.06203208863735199,0.0018429200863465667
15969_right.jpeg,defocus_blur,0,0.6514963507652283,0.31386926770210266,0.03463440015912056
15969_right.jpeg,low_light,0,0.6551533937454224,0.2511308789253235,0.09371576458215714
15969_right.jpeg,uneven_illumination,0,0.6513781547546387,0.2576354146003723,0.09098649770021439
15969_right.jpeg,fov_misalignment,0,0.8816019892692566,0.10845846682786942,0.009939520619809628
15969_right.jpeg,jpeg_q25,0,0.9044509530067444,0.09282229840755463,0.0027267481200397015
14974_left.jpeg,baseline,0,0.972461998462677,0.02749878726899624,3.914828266715631e-05
14974_left.jpeg,defocus_blur,0,0.8673757910728455,0.13229835033416748,0.0003259053628426045
14974_left.jpeg,low_light,0,0.8598594069480896,0.13678616285324097,0.003354459535330534
14974_left.jpeg,uneven_illumination,0,0.848956823348999,0.14583677053451538,0.005206460133194923
14974_left.jpeg,fov_misalignment,0,0.7334726452827454,0.25905364751815796,0.00747374352067709
14974_left.jpeg,jpeg_q25,0,0.9711859822273254,0.028763407841324806,5.053931818110868e-05
32355_right.jpeg,baseline,0,0.9917328357696533,0.00825059600174427,1.6585785488132387e-05
32355_right.jpeg,defocus_blur,0,0.9719468355178833,0.0279905516654253,6.256142660276964e-05
32355_right.jpeg,low_light,0,0.9472874402999878,0.0516076497733593,0.0011049829190596938
32355_right.jpeg,uneven_illumination,0,0.94025719165802,0.058226846158504486,0.001516027026809752
32355_right.jpeg,fov_misalignment,0,0.9816723465919495,0.018247826024889946,7.978929352248088e-05
32355_right.jpeg,jpeg_q25,0,0.9905112385749817,0.009475194849073887,1.3603101251646876e-05
24505_left.jpeg,baseline,0,0.9905339479446411,0.009430414997041225,3.568054671632126e-05
24505_left.jpeg,defocus_blur,0,0.9829832315444946,0.01693333499133587,8.343758236151189e-05
24505_left.jpeg,low_light,0,0.9552837014198303,0.04343382641673088,0.0012824740260839462
24505_left.jpeg,uneven_illumination,0,0.9492444396018982,0.04848771169781685,0.0022677620872855186
24505_left.jpeg,fov_misalignment,0,0.9858168959617615,0.014065255410969257,0.0001178444508695975
24505_left.jpeg,jpeg_q25,0,0.9904216527938843,0.009530343115329742,4.8021352995419875e-05
16292_left.jpeg,baseline,0,0.9972941279411316,0.0026998245157301426,6.110156391514465e-06
16292_left.jpeg,defocus_blur,0,0.9956144094467163,0.004374968819320202,1.0587201359157916e-05
16292_left.jpeg,low_light,0,0.9682942628860474,0.031228328123688698,0.0004774026165250689
16292_left.jpeg,uneven_illumination,0,0.9456270933151245,0.051337361335754395,0.0030355099588632584
16292_left.jpeg,fov_misalignment,0,0.9955697655677795,0.004418462514877319,1.1805065696535166e-05
16292_left.jpeg,jpeg_q25,0,0.9957975149154663,0.0041972738690674305,5.216415956965648e-06
32857_right.jpeg,baseline,0,0.999114453792572,0.0008786129183135927,6.950999249966117e-06
32857_right.jpeg,defocus_blur,0,0.9963234663009644,0.0036228487733751535,5.363117816159502e-05
32857_right.jpeg,low_light,0,0.9879580140113831,0.010427430272102356,0.0016145342960953712
32857_right.jpeg,uneven_illumination,0,0.9936916828155518,0.00544673390686512,0.0008615408441983163
32857_right.jpeg,fov_misalignment,0,0.9888800382614136,0.009410831145942211,0.0017090371111407876
32857_right.jpeg,jpeg_q25,0,0.9985700845718384,0.001410893863067031,1.8988086594617926e-05
5223_right.jpeg,baseline,1,0.07181727886199951,0.8240514397621155,0.1041313037276268
5223_right.jpeg,defocus_blur,1,0.046282000839710236,0.8268921971321106,0.12682583928108215
5223_right.jpeg,low_light,2,0.011792365461587906,0.3534671366214752,0.6347405314445496
5223_right.jpeg,uneven_illumination,2,0.016377020627260208,0.32605287432670593,0.6575701832771301
5223_right.jpeg,fov_misalignment,1,0.05439435690641403,0.8212178945541382,0.12438765913248062
5223_right.jpeg,jpeg_q25,1,0.05483461543917656,0.6897680759429932,0.2553972899913788
6063_right.jpeg,baseline,0,0.9997988343238831,0.00019988088752143085,1.3679878065886442e-06
6063_right.jpeg,defocus_blur,0,0.998589813709259,0.0013931686989963055,1.7044147170963697e-05
6063_right.jpeg,low_light,0,0.9983413219451904,0.0015651363646611571,9.348899766337126e-05
6063_right.jpeg,uneven_illumination,0,0.9991683959960938,0.0007731672958470881,5.8444609749130905e-05
6063_right.jpeg,fov_misalignment,0,0.9995039701461792,0.0004746823396999389,2.127457810274791e-05
6063_right.jpeg,jpeg_q25,0,0.999797523021698,0.00020119603141210973,1.2866750012108241e-06
32209_right.jpeg,baseline,0,0.9932221174240112,0.006719380617141724,5.8494908444117755e-05
32209_right.jpeg,defocus_blur,0,0.9760371446609497,0.022455060854554176,0.0015077944844961166
32209_right.jpeg,low_light,0,0.9704434275627136,0.02787318080663681,0.0016834988491609693
32209_right.jpeg,uneven_illumination,0,0.9743116497993469,0.024876389652490616,0.0008119746344164014
32209_right.jpeg,fov_misalignment,0,0.9619339108467102,0.036939989775419235,0.0011260800529271364
32209_right.jpeg,jpeg_q25,0,0.9940810799598694,0.005830907728523016,8.809252176433802e-05
1690_right.jpeg,baseline,0,0.9624073505401611,0.03734803572297096,0.00024463009322062135
1690_right.jpeg,defocus_blur,0,0.7968520522117615,0.20144233107566833,0.0017057216027751565
1690_right.jpeg,low_light,0,0.7894251942634583,0.19961248338222504,0.010962340049445629
1690_right.jpeg,uneven_illumination,0,0.7138675451278687,0.2682539224624634,0.017878616228699684
1690_right.jpeg,fov_misalignment,0,0.796527087688446,0.199136421084404,0.0043364944867789745
1690_right.jpeg,jpeg_q25,0,0.930465579032898,0.06916533410549164,0.00036905219894833863
26954_left.jpeg,baseline,0,0.9495337009429932,0.04929858073592186,0.001167645095847547
26954_left.jpeg,defocus_blur,0,0.9204578399658203,0.07897999882698059,0.0005621621967293322
26954_left.jpeg,low_light,0,0.7581310868263245,0.22642932832241058,0.01543960440903902
26954_left.jpeg,uneven_illumination,0,0.6498852372169495,0.3071501851081848,0.04296458140015602
26954_left.jpeg,fov_misalignment,0,0.9558367729187012,0.043627671897411346,0.0005354844033718109
26954_left.jpeg,jpeg_q25,0,0.9575656056404114,0.041963495314121246,0.0004709128406830132
2493_left.jpeg,baseline,0,0.9993314743041992,0.0006676402408629656,9.184497002934222e-07
2493_left.jpeg,defocus_blur,0,0.9978072047233582,0.002174221910536289,1.8566557628219016e-05
2493_left.jpeg,low_light,0,0.9881631731987,0.011603240855038166,0.00023358353064395487
2493_left.jpeg,uneven_illumination,0,0.9882561564445496,0.011020151898264885,0.0007236482342705131
2493_left.jpeg,fov_misalignment,0,0.9989680051803589,0.0010310771176591516,9.760202601682977e-07
2493_left.jpeg,jpeg_q25,0,0.999248206615448,0.0007500599604099989,1.6680766066201613e-06
12113_left.jpeg,baseline,0,0.9853185415267944,0.014613432809710503,6.805213342886418e-05
12113_left.jpeg,defocus_blur,0,0.9650505185127258,0.03465060889720917,0.0002988764608744532
12113_left.jpeg,low_light,0,0.9414525628089905,0.04665549844503403,0.011891891248524189
12113_left.jpeg,uneven_illumination,0,0.8440223336219788,0.10474010556936264,0.05123753845691681
12113_left.jpeg,fov_misalignment,0,0.8643153309822083,0.11729966104030609,0.018385056406259537
12113_left.jpeg,jpeg_q25,0,0.9888879656791687,0.01106844563037157,4.361094761407003e-05
11150_left.jpeg,baseline,0,0.9914790987968445,0.008483493700623512,3.746206493815407e-05
11150_left.jpeg,defocus_blur,0,0.9845186471939087,0.015342256054282188,0.0001390925026498735
11150_left.jpeg,low_light,0,0.9194049835205078,0.07482783496379852,0.005767142865806818
11150_left.jpeg,uneven_illumination,0,0.8700796961784363,0.11415118724107742,0.01576906442642212
11150_left.jpeg,fov_misalignment,0,0.9951745867729187,0.0047636511735618114,6.179473712109029e-05
11150_left.jpeg,jpeg_q25,0,0.9948463439941406,0.005120836663991213,3.287385334260762e-05
30164_right.jpeg,baseline,0,0.9802916049957275,0.019372472539544106,0.0003359813999850303
30164_right.jpeg,defocus_blur,0,0.9258110523223877,0.07150053232908249,0.0026884060353040695
30164_right.jpeg,low_light,0,0.8890508413314819,0.09568943083286285,0.015259728766977787
30164_right.jpeg,uneven_illumination,0,0.9321505427360535,0.05676481872797012,0.011084667406976223
30164_right.jpeg,fov_misalignment,0,0.9084435701370239,0.08213458955287933,0.009421882219612598
30164_right.jpeg,jpeg_q25,0,0.9667461514472961,0.032261259853839874,0.0009925967315211892
19605_left.jpeg,baseline,0,0.9960452914237976,0.003936074674129486,1.862553835962899e-05
19605_left.jpeg,defocus_blur,0,0.9881439805030823,0.011771902441978455,8.407905988860875e-05
19605_left.jpeg,low_light,0,0.9752496480941772,0.024036161601543427,0.0007142325048334897
19605_left.jpeg,uneven_illumination,0,0.9628117680549622,0.03443776071071625,0.00275052641518414
19605_left.jpeg,fov_misalignment,0,0.9972803592681885,0.002703289967030287,1.6316260371240787e-05
19605_left.jpeg,jpeg_q25,0,0.9960190653800964,0.003965787123888731,1.515815074526472e-05
13996_right.jpeg,baseline,0,0.9894986152648926,0.010400648228824139,0.00010070457210531458
13996_right.jpeg,defocus_blur,0,0.9158397912979126,0.08347257226705551,0.0006875830003991723
13996_right.jpeg,low_light,0,0.8470544219017029,0.13675755262374878,0.016187939792871475
13996_right.jpeg,uneven_illumination,0,0.8864321708679199,0.10298393666744232,0.010583862662315369
13996_right.jpeg,fov_misalignment,0,0.9649924635887146,0.03365640342235565,0.0013511357828974724
13996_right.jpeg,jpeg_q25,0,0.9887270927429199,0.011200054548680782,7.283119339263067e-05
3169_left.jpeg,baseline,0,0.9682706594467163,0.029956145212054253,0.0017732169944792986
3169_left.jpeg,defocus_blur,0,0.8711131811141968,0.12039864808320999,0.008488212712109089
3169_left.jpeg,low_light,0,0.859216570854187,0.10849133133888245,0.03229214623570442
3169_left.jpeg,uneven_illumination,0,0.873525083065033,0.10995408147573471,0.016520755365490913
3169_left.jpeg,fov_misalignment,0,0.8043946027755737,0.1773190200328827,0.01828634925186634
3169_left.jpeg,jpeg_q25,0,0.9539548754692078,0.042945705354213715,0.003099437104538083
18384_left.jpeg,baseline,0,0.9813034534454346,0.01867741160094738,1.910661558213178e-05
18384_left.jpeg,defocus_blur,0,0.9262412786483765,0.07365943491458893,9.925486665451899e-05
18384_left.jpeg,low_light,0,0.9384170174598694,0.06064010411500931,0.0009428996127098799
18384_left.jpeg,uneven_illumination,0,0.9288100004196167,0.06860368698835373,0.0025862662587314844
18384_left.jpeg,fov_misalignment,0,0.8604717254638672,0.13584335148334503,0.003684987546876073
18384_left.jpeg,jpeg_q25,0,0.977850615978241,0.022131534293293953,1.7889071386889555e-05
2699_right.jpeg,baseline,0,0.9921101927757263,0.007846257649362087,4.3535284930840135e-05
2699_right.jpeg,defocus_blur,0,0.959821879863739,0.03978387638926506,0.00039429962635040283
2699_right.jpeg,low_light,0,0.9919373393058777,0.007254794239997864,0.00080782052827999
2699_right.jpeg,uneven_illumination,0,0.9800816178321838,0.01837053894996643,0.0015478553250432014
2699_right.jpeg,fov_misalignment,0,0.885002076625824,0.11149853467941284,0.003499384503811598
2699_right.jpeg,jpeg_q25,0,0.9896053075790405,0.010352890007197857,4.1751736716832966e-05
10411_left.jpeg,baseline,0,0.9947382807731628,0.005260561127215624,1.2297770126679097e-06
10411_left.jpeg,defocus_blur,0,0.9669306874275208,0.03304745629429817,2.192317151639145e-05
10411_left.jpeg,low_light,0,0.9562433958053589,0.04341481253504753,0.000341719452990219
10411_left.jpeg,uneven_illumination,0,0.9792357087135315,0.02047041617333889,0.00029385570087470114
10411_left.jpeg,fov_misalignment,0,0.8898617029190063,0.10988990217447281,0.00024838183890096843
10411_left.jpeg,jpeg_q25,0,0.9944953322410583,0.005502714775502682,1.9239928406022955e-06
19382_left.jpeg,baseline,0,0.9825948476791382,0.017128800973296165,0.0002763413649518043
19382_left.jpeg,defocus_blur,0,0.9044244289398193,0.08109728991985321,0.01447827834635973
19382_left.jpeg,low_light,0,0.9788426160812378,0.01908504217863083,0.0020723172929137945
19382_left.jpeg,uneven_illumination,0,0.9695130586624146,0.026967927813529968,0.0035190703347325325
19382_left.jpeg,fov_misalignment,0,0.9943839311599731,0.005320391617715359,0.0002956673561129719
19382_left.jpeg,jpeg_q25,0,0.9753322005271912,0.024066239595413208,0.0006015793769620359
29912_left.jpeg,baseline,0,0.6418923139572144,0.34265390038490295,0.015453817322850227
29912_left.jpeg,defocus_blur,0,0.5913903117179871,0.3690498471260071,0.03955987095832825
29912_left.jpeg,low_light,2,0.0915590301156044,0.3852526843547821,0.5231882333755493
29912_left.jpeg,uneven_illumination,2,0.23680487275123596,0.3145202398300171,0.44867485761642456
29912_left.jpeg,fov_misalignment,0,0.643531858921051,0.3419014513492584,0.01456672977656126
29912_left.jpeg,jpeg_q25,0,0.6325057148933411,0.33119621872901917,0.03629813715815544
21241_right.jpeg,baseline,0,0.9599080085754395,0.039968594908714294,0.00012347627489361912
21241_right.jpeg,defocus_blur,0,0.8321709632873535,0.1670694351196289,0.0007595621282234788
21241_right.jpeg,low_light,0,0.8734914064407349,0.12186139076948166,0.004647282417863607
21241_right.jpeg,uneven_illumination,0,0.8659921884536743,0.12962105870246887,0.004386724438518286
21241_right.jpeg,fov_misalignment,0,0.9172673225402832,0.08134597539901733,0.0013867720263078809
21241_right.jpeg,jpeg_q25,0,0.9641973972320557,0.035660602152347565,0.00014189674402587116
23818_right.jpeg,baseline,0,0.9959747195243835,0.00396083714440465,6.451330409618095e-05
23818_right.jpeg,defocus_blur,0,0.9452701210975647,0.05318048223853111,0.0015494016697630286
23818_right.jpeg,low_light,0,0.8899758458137512,0.08288630098104477,0.027137892320752144
23818_right.jpeg,uneven_illumination,0,0.9497199058532715,0.041955992579460144,0.008324174210429192
23818_right.jpeg,fov_misalignment,0,0.9828437566757202,0.01588355377316475,0.0012726569548249245
23818_right.jpeg,jpeg_q25,0,0.993738055229187,0.006161101628094912,0.00010079142521135509
19545_right.jpeg,baseline,0,0.9893968105316162,0.010575851425528526,2.736008354986552e-05
19545_right.jpeg,defocus_blur,0,0.9752572774887085,0.024637266993522644,0.00010548675345489755
19545_right.jpeg,low_light,0,0.883991003036499,0.11037551611661911,0.005633475258946419
19545_right.jpeg,uneven_illumination,0,0.941942036151886,0.05605697259306908,0.002000980544835329
19545_right.jpeg,fov_misalignment,0,0.934090793132782,0.0645650252699852,0.0013441538903862238
19545_right.jpeg,jpeg_q25,0,0.9919012188911438,0.00808845367282629,1.026366044243332e-05
31903_right.jpeg,baseline,0,0.9809360504150391,0.019059203565120697,4.748327683046227e-06
31903_right.jpeg,defocus_blur,0,0.9545804858207703,0.04540083184838295,1.867252285592258e-05
31903_right.jpeg,low_light,0,0.8123993873596191,0.18459533154964447,0.003005238715559244
31903_right.jpeg,uneven_illumination,0,0.6425917744636536,0.3484787344932556,0.008929508738219738
31903_right.jpeg,fov_misalignment,0,0.8394940495491028,0.16038835048675537,0.0001176142759504728
31903_right.jpeg,jpeg_q25,0,0.9692565202713013,0.030735719949007034,7.762200766592287e-06
24288_right.jpeg,baseline,0,0.8867977261543274,0.10780900716781616,0.005393274128437042
24288_right.jpeg,defocus_blur,0,0.7390457987785339,0.25247979164123535,0.008474385365843773
24288_right.jpeg,low_light,0,0.5165835618972778,0.28125885128974915,0.20215758681297302
24288_right.jpeg,uneven_illumination,0,0.5177308320999146,0.37222132086753845,0.1100478321313858
24288_right.jpeg,fov_misalignment,0,0.7790309190750122,0.207596093416214,0.013372978195548058
24288_right.jpeg,jpeg_q25,0,0.8747516870498657,0.12096146494150162,0.00428686523810029
24395_right.jpeg,baseline,0,0.8368445634841919,0.1528906673192978,0.010264787822961807
24395_right.jpeg,defocus_blur,0,0.6837907433509827,0.2846868336200714,0.031522464007139206
24395_right.jpeg,low_light,2,0.2516881823539734,0.31906113028526306,0.4292506277561188
24395_right.jpeg,uneven_illumination,0,0.4963171184062958,0.2980932295322418,0.20558956265449524
24395_right.jpeg,fov_misalignment,0,0.8585544228553772,0.131907120347023,0.009538477286696434
24395_right.jpeg,jpeg_q25,0,0.8534250259399414,0.13766109943389893,0.008913915604352951
22839_left.jpeg,baseline,0,0.9865143895149231,0.013135078363120556,0.0003505313361529261
22839_left.jpeg,defocus_blur,0,0.9751072525978088,0.0238825511187315,0.001010153559036553
22839_left.jpeg,low_light,0,0.7224043607711792,0.19116249680519104,0.08643313497304916
22839_left.jpeg,uneven_illumination,0,0.7236021161079407,0.2166786938905716,0.05971916764974594
22839_left.jpeg,fov_misalignment,0,0.9780833125114441,0.02131345495581627,0.0006031554075889289
22839_left.jpeg,jpeg_q25,0,0.9856551289558411,0.013978688977658749,0.00036623934283852577
15054_right.jpeg,baseline,0,0.9819169640541077,0.015088911168277264,0.0029941261745989323
15054_right.jpeg,defocus_blur,0,0.9492623805999756,0.04244809225201607,0.00828948151320219
15054_right.jpeg,low_light,2,0.3659355938434601,0.04773367941379547,0.5863307118415833
15054_right.jpeg,uneven_illumination,2,0.2866637408733368,0.0448315292596817,0.6685046553611755
15054_right.jpeg,fov_misalignment,0,0.9485607147216797,0.0337233692407608,0.01771588623523712
15054_right.jpeg,jpeg_q25,0,0.9848875999450684,0.012858396396040916,0.0022539517376571894
7913_right.jpeg,baseline,0,0.8901598453521729,0.10258376598358154,0.007256363518536091
7913_right.jpeg,defocus_blur,0,0.8078231811523438,0.17965230345726013,0.01252451166510582
7913_right.jpeg,low_light,2,0.34961509704589844,0.18858523666858673,0.46179965138435364
7913_right.jpeg,uneven_illumination,2,0.3266947269439697,0.17081883549690247,0.5024864673614502
7913_right.jpeg,fov_misalignment,0,0.7486182451248169,0.18690720200538635,0.06447458267211914
7913_right.jpeg,jpeg_q25,0,0.9318429827690125,0.06215985119342804,0.005997062660753727
20419_left.jpeg,baseline,0,0.997248113155365,0.0027447110041975975,7.158102107496234e-06
20419_left.jpeg,defocus_blur,0,0.9915432929992676,0.008401875384151936,5.484020948642865e-05
20419_left.jpeg,low_light,0,0.9863807559013367,0.013375156559050083,0.0002441068645566702
20419_left.jpeg,uneven_illumination,0,0.9687780141830444,0.02982475608587265,0.001397285726852715
20419_left.jpeg,fov_misalignment,0,0.9920217990875244,0.007932586595416069,4.548069409793243e-05
20419_left.jpeg,jpeg_q25,0,0.9971066117286682,0.002886443864554167,6.881070476083551e-06
18269_left.jpeg,baseline,0,0.9972085356712341,0.0027898605912923813,1.5137635500650504e-06
18269_left.jpeg,defocus_blur,0,0.9748772382736206,0.025065161287784576,5.760860221926123e-05
18269_left.jpeg,low_light,0,0.9506260752677917,0.048252057284116745,0.001121829729527235
18269_left.jpeg,uneven_illumination,0,0.9701296091079712,0.029573308303952217,0.00029711140086874366
18269_left.jpeg,fov_misalignment,0,0.5352385640144348,0.3686513900756836,0.096110038459301
18269_left.jpeg,jpeg_q25,0,0.9966346621513367,0.003362339688464999,2.922521844084258e-06
2193_left.jpeg,baseline,0,0.9347298741340637,0.06515400111675262,0.00011609127250267193
2193_left.jpeg,defocus_blur,0,0.7573162913322449,0.2414795458316803,0.0012041571317240596
2193_left.jpeg,low_light,0,0.6540374159812927,0.33392396569252014,0.012038602493703365
2193_left.jpeg,uneven_illumination,0,0.7323768138885498,0.2624764144420624,0.0051467823795974255
2193_left.jpeg,fov_misalignment,0,0.7323464751243591,0.2585707902908325,0.009082718752324581
2193_left.jpeg,jpeg_q25,0,0.9522359371185303,0.04766060784459114,0.00010353182733524591
43017_right.jpeg,baseline,0,0.981890082359314,0.01754719391465187,0.0005627871723845601
43017_right.jpeg,defocus_blur,0,0.8722036480903625,0.12257745116949081,0.005218890029937029
43017_right.jpeg,low_light,0,0.8894141316413879,0.09802306443452835,0.012562871910631657
43017_right.jpeg,uneven_illumination,0,0.9258448481559753,0.059859227389097214,0.014295865781605244
43017_right.jpeg,fov_misalignment,0,0.9767253994941711,0.02238372713327408,0.0008908218005672097
43017_right.jpeg,jpeg_q25,0,0.9714656472206116,0.027271436527371407,0.001262915669940412
13533_right.jpeg,baseline,0,0.9948762059211731,0.005101375747472048,2.2375181288225576e-05
13533_right.jpeg,defocus_blur,0,0.959386944770813,0.04037642851471901,0.0002365757682127878
13533_right.jpeg,low_light,0,0.9860888123512268,0.013498456217348576,0.00041267473716288805
13533_right.jpeg,uneven_illumination,0,0.9851139783859253,0.014534990303218365,0.0003510369861032814
13533_right.jpeg,fov_misalignment,0,0.8435516357421875,0.1520644873380661,0.004383844323456287
13533_right.jpeg,jpeg_q25,0,0.9946678876876831,0.005300209391862154,3.188172559021041e-05
8724_right.jpeg,baseline,0,0.5672246217727661,0.4198313355445862,0.012944052927196026
8724_right.jpeg,defocus_blur,1,0.337050199508667,0.5948355197906494,0.06811431795358658
8724_right.jpeg,low_light,2,0.0849626362323761,0.5393888354301453,0.37564852833747864
8724_right.jpeg,uneven_illumination,2,0.13815148174762726,0.4545569121837616,0.4072915315628052
8724_right.jpeg,fov_misalignment,1,0.2756180465221405,0.6241816282272339,0.10020028799772263
8724_right.jpeg,jpeg_q25,0,0.5768323540687561,0.39863625168800354,0.024531325325369835
37225_right.jpeg,baseline,0,0.9541404247283936,0.04571722075343132,0.00014239879965316504
37225_right.jpeg,defocus_blur,0,0.7527703642845154,0.24556244909763336,0.001667171367444098
37225_right.jpeg,low_light,0,0.8351262211799622,0.15543422102928162,0.009439581073820591
37225_right.jpeg,uneven_illumination,0,0.8008327484130859,0.1755937933921814,0.023573359474539757
37225_right.jpeg,fov_misalignment,0,0.9097031354904175,0.08516709506511688,0.005129725206643343
37225_right.jpeg,jpeg_q25,0,0.9658999443054199,0.03398818522691727,0.00011196419654879719
14859_right.jpeg,baseline,0,0.9405436515808105,0.05905579403042793,0.0004006096860393882
14859_right.jpeg,defocus_blur,0,0.7760531902313232,0.22291089594364166,0.0010358431609347463
14859_right.jpeg,low_light,0,0.49305087327957153,0.49273186922073364,0.01421724446117878
14859_right.jpeg,uneven_illumination,1,0.4402351677417755,0.5167288184165955,0.04303598031401634
14859_right.jpeg,fov_misalignment,0,0.889447808265686,0.10943368077278137,0.0011185432085767388
14859_right.jpeg,jpeg_q25,0,0.9452128410339355,0.05454355478286743,0.00024365397985093296
19787_left.jpeg,baseline,0,0.9698128700256348,0.030086152255535126,0.0001008990075206384
19787_left.jpeg,defocus_blur,0,0.9628238081932068,0.037102509289979935,7.3711657023523e-05
19787_left.jpeg,low_light,0,0.7731735110282898,0.21592018008232117,0.010906362906098366
19787_left.jpeg,uneven_illumination,0,0.6591606140136719,0.32991355657577515,0.010925785638391972
19787_left.jpeg,fov_misalignment,0,0.9784002304077148,0.021407563239336014,0.0001922220690175891
19787_left.jpeg,jpeg_q25,0,0.9567409753799438,0.04306685924530029,0.0001921481016324833
24642_right.jpeg,baseline,1,0.45704734325408936,0.5377598404884338,0.0051927724853158
24642_right.jpeg,defocus_blur,1,0.07324466109275818,0.9208971858024597,0.005858154967427254
24642_right.jpeg,low_light,1,0.41128233075141907,0.5800539255142212,0.008663694374263287
24642_right.jpeg,uneven_illumination,1,0.13254326581954956,0.8288868069648743,0.03856992349028587
24642_right.jpeg,fov_misalignment,1,0.023216143250465393,0.8992612361907959,0.07752268016338348
24642_right.jpeg,jpeg_q25,1,0.40600141882896423,0.5874918699264526,0.006506731268018484
14577_right.jpeg,baseline,0,0.9937217831611633,0.006236531771719456,4.170258398517035e-05
14577_right.jpeg,defocus_blur,0,0.9759885668754578,0.023659558966755867,0.00035182086867280304
14577_right.jpeg,low_light,0,0.9654567241668701,0.03328826278448105,0.001255108742043376
14577_right.jpeg,uneven_illumination,0,0.9737462997436523,0.025365587323904037,0.0008881198591552675
14577_right.jpeg,fov_misalignment,0,0.9868125319480896,0.012656677514314651,0.000530759512912482
14577_right.jpeg,jpeg_q25,0,0.9837677478790283,0.01606842875480652,0.00016385316848754883
28004_right.jpeg,baseline,0,0.9960281848907471,0.0039699445478618145,1.867109176600934e-06
28004_right.jpeg,defocus_blur,0,0.9834260940551758,0.01656186766922474,1.2114083801861852e-05
28004_right.jpeg,low_light,0,0.9886056780815125,0.011274758726358414,0.00011952526983805001
28004_right.jpeg,uneven_illumination,0,0.9964383840560913,0.003523800754919648,3.786853267229162e-05
28004_right.jpeg,fov_misalignment,0,0.9705087542533875,0.029260821640491486,0.00023050117306411266
28004_right.jpeg,jpeg_q25,0,0.9954347014427185,0.004562546033412218,2.73608930001501e-06
15651_right.jpeg,baseline,0,0.9961186647415161,0.0038571073673665524,2.4191464035538957e-05
15651_right.jpeg,defocus_blur,0,0.9895886182785034,0.010233551263809204,0.00017784940428100526
15651_right.jpeg,low_light,0,0.9619696140289307,0.03513440489768982,0.0028960006311535835
15651_right.jpeg,uneven_illumination,0,0.9661497473716736,0.03045695088803768,0.0033932903315871954
15651_right.jpeg,fov_misalignment,0,0.9918075203895569,0.007870134897530079,0.00032233362435363233
15651_right.jpeg,jpeg_q25,0,0.9963527917861938,0.003615939524024725,3.123160422546789e-05
24922_right.jpeg,baseline,0,0.9988831877708435,0.0011076369555667043,9.112458428717218e-06
24922_right.jpeg,defocus_blur,0,0.9915047287940979,0.008375407196581364,0.00011980674753431231
24922_right.jpeg,low_light,0,0.9952467083930969,0.004391829017549753,0.00036151320091448724
24922_right.jpeg,uneven_illumination,0,0.9887722134590149,0.010838188230991364,0.00038952764589339495
24922_right.jpeg,fov_misalignment,0,0.9914165139198303,0.006609417498111725,0.001974098850041628
24922_right.jpeg,jpeg_q25,0,0.9985225796699524,0.0014628831995651126,1.4527397070196457e-05
31753_right.jpeg,baseline,1,0.09654603153467178,0.8674154877662659,0.03603850677609444
31753_right.jpeg,defocus_blur,1,0.05118846520781517,0.8927690386772156,0.05604247376322746
31753_right.jpeg,low_light,2,0.032245758920907974,0.39874887466430664,0.5690053701400757
31753_right.jpeg,uneven_illumination,2,0.02082888036966324,0.4261265695095062,0.5530444979667664
31753_right.jpeg,fov_misalignment,1,0.11603502929210663,0.6183438897132874,0.26562103629112244
31753_right.jpeg,jpeg_q25,1,0.12930329144001007,0.828834056854248,0.04186267778277397
30752_left.jpeg,baseline,0,0.9989615678787231,0.0010354274418205023,3.019180894625606e-06
30752_left.jpeg,defocus_blur,0,0.9984384179115295,0.0015550220850855112,6.49618414172437e-06
30752_left.jpeg,low_light,0,0.9872040152549744,0.012364805676043034,0.0004311709199100733
30752_left.jpeg,uneven_illumination,0,0.9840723872184753,0.015491414815187454,0.0004361136525403708
30752_left.jpeg,fov_misalignment,0,0.9991325736045837,0.0008638182189315557,3.632255811680807e-06
30752_left.jpeg,jpeg_q25,0,0.9990869760513306,0.0009091321262530982,3.881457359966589e-06
12501_left.jpeg,baseline,0,0.9968827962875366,0.003114922670647502,2.222726834588684e-06
12501_left.jpeg,defocus_blur,0,0.9923283457756042,0.007666751276701689,4.888254807156045e-06
12501_left.jpeg,low_light,0,0.9784914255142212,0.021438637748360634,7.00040181982331e-05
12501_left.jpeg,uneven_illumination,0,0.9830408692359924,0.016902292147278786,5.688687087967992e-05
12501_left.jpeg,fov_misalignment,0,0.983647882938385,0.015990376472473145,0.00036173404077999294
12501_left.jpeg,jpeg_q25,0,0.9978806972503662,0.002118134405463934,1.200755718855362e-06
14603_left.jpeg,baseline,0,0.9827221632003784,0.014677629806101322,0.0026001231744885445
14603_left.jpeg,defocus_blur,0,0.9359418153762817,0.051365066319704056,0.012693059630692005
14603_left.jpeg,low_light,0,0.8746954798698425,0.04664412885904312,0.07866035401821136
14603_left.jpeg,uneven_illumination,0,0.8380901217460632,0.05626224726438522,0.10564759373664856
14603_left.jpeg,fov_misalignment,0,0.7785951495170593,0.07260484993457794,0.14880001544952393
14603_left.jpeg,jpeg_q25,0,0.9716487526893616,0.01927826553583145,0.009073036722838879
7575_left.jpeg,baseline,1,0.25293734669685364,0.45703232288360596,0.2900303304195404
7575_left.jpeg,defocus_blur,1,0.28420382738113403,0.6002792716026306,0.11551687866449356
7575_left.jpeg,low_light,2,0.0665246993303299,0.3126146197319031,0.6208606362342834
7575_left.jpeg,uneven_illumination,2,0.005711467936635017,0.10286935418844223,0.8914191126823425
7575_left.jpeg,fov_misalignment,2,0.31711044907569885,0.29883134365081787,0.38405823707580566
7575_left.jpeg,jpeg_q25,1,0.232641339302063,0.5359345078468323,0.23142416775226593
30014_right.jpeg,baseline,0,0.9121154546737671,0.08658403903245926,0.0013005645014345646
30014_right.jpeg,defocus_blur,2,0.0033317641355097294,0.5712438821792603,0.42542433738708496
30014_right.jpeg,low_light,0,0.8712912797927856,0.11546266078948975,0.013246070593595505
30014_right.jpeg,uneven_illumination,0,0.7849113941192627,0.19285455346107483,0.022234074771404266
30014_right.jpeg,fov_misalignment,0,0.8664129972457886,0.10023348033428192,0.03335358574986458
30014_right.jpeg,jpeg_q25,0,0.5883545279502869,0.3404477536678314,0.0711977556347847
22359_left.jpeg,baseline,0,0.9950270056724548,0.004899117164313793,7.390126120299101e-05
22359_left.jpeg,defocus_blur,0,0.9932336211204529,0.006535326596349478,0.00023094449716154486
22359_left.jpeg,low_light,0,0.9912625551223755,0.008216490969061852,0.0005210532690398395
22359_left.jpeg,uneven_illumination,0,0.9925798773765564,0.006795220077037811,0.0006248854333534837
22359_left.jpeg,fov_misalignment,0,0.9858713746070862,0.01256090123206377,0.0015676312614232302
22359_left.jpeg,jpeg_q25,0,0.9933443069458008,0.006550678052008152,0.00010500253119971603
16184_right.jpeg,baseline,0,0.90061354637146,0.08984242379665375,0.009544050320982933
16184_right.jpeg,defocus_blur,1,0.4351018965244293,0.5059464573860168,0.058951620012521744
16184_right.jpeg,low_light,2,0.11289817094802856,0.29159143567085266,0.5955104231834412
16184_right.jpeg,uneven_illumination,2,0.05890202894806862,0.32727760076522827,0.6138203740119934
16184_right.jpeg,fov_misalignment,1,0.329684317111969,0.4864257872104645,0.18388989567756653
16184_right.jpeg,jpeg_q25,0,0.6618419885635376,0.23545530438423157,0.10270273685455322
39788_left.jpeg,baseline,0,0.9754453897476196,0.023337416350841522,0.0012172996066510677
39788_left.jpeg,defocus_blur,0,0.9544157385826111,0.04289131611585617,0.002692955546081066
39788_left.jpeg,low_light,0,0.730393648147583,0.16410021483898163,0.10550615936517715
39788_left.jpeg,uneven_illumination,0,0.596135675907135,0.2621299624443054,0.14173442125320435
39788_left.jpeg,fov_misalignment,0,0.9903445839881897,0.009120532311499119,0.0005349071579985321
39788_left.jpeg,jpeg_q25,0,0.965043842792511,0.033110976219177246,0.0018452063668519258
28582_left.jpeg,baseline,0,0.999257504940033,0.000738196016754955,4.303672994865337e-06
28582_left.jpeg,defocus_blur,0,0.998315691947937,0.0016688206233084202,1.546503699501045e-05
28582_left.jpeg,low_light,0,0.9875748753547668,0.011787095107138157,0.0006380948470905423
28582_left.jpeg,uneven_illumination,0,0.9811708927154541,0.0176787618547678,0.0011503953719511628
28582_left.jpeg,fov_misalignment,0,0.9900054335594177,0.009726084768772125,0.000268517091171816
28582_left.jpeg,jpeg_q25,0,0.9991245865821838,0.0008719676407054067,3.4438296552252723e-06
13380_left.jpeg,baseline,0,0.8391631245613098,0.1587323099374771,0.0021045266184955835
13380_left.jpeg,defocus_blur,1,0.1267307698726654,0.745809018611908,0.12746019661426544
13380_left.jpeg,low_light,0,0.48405614495277405,0.4587928354740143,0.05715096369385719
13380_left.jpeg,uneven_illumination,1,0.40801507234573364,0.5384891033172607,0.05349576473236084
13380_left.jpeg,fov_misalignment,0,0.7890210747718811,0.20196875929832458,0.009010129608213902
13380_left.jpeg,jpeg_q25,0,0.7890453934669495,0.20657780766487122,0.004376907367259264
39928_left.jpeg,baseline,0,0.7093545794487,0.29020029306411743,0.0004451679706107825
39928_left.jpeg,defocus_blur,1,0.29535210132598877,0.6998111605644226,0.00483670923858881
39928_left.jpeg,low_light,1,0.31843340396881104,0.6366315484046936,0.04493504390120506
39928_left.jpeg,uneven_illumination,1,0.26595044136047363,0.6961210370063782,0.03792855888605118
39928_left.jpeg,fov_misalignment,1,0.21373891830444336,0.7537924647331238,0.032468631863594055
39928_left.jpeg,jpeg_q25,0,0.6797727942466736,0.3190930187702179,0.001134141581133008
30121_left.jpeg,baseline,0,0.9574107527732849,0.042219702154397964,0.0003695500490721315
30121_left.jpeg,defocus_blur,0,0.9607570171356201,0.038720011711120605,0.0005229588714428246
30121_left.jpeg,low_light,0,0.7858512997627258,0.1977555751800537,0.016393134370446205
30121_left.jpeg,uneven_illumination,0,0.7538009881973267,0.23020613193511963,0.015992872416973114
30121_left.jpeg,fov_misalignment,0,0.8674541711807251,0.13167299330234528,0.0008728617685846984
30121_left.jpeg,jpeg_q25,0,0.9402623772621155,0.059097226709127426,0.0006403365987353027
39226_left.jpeg,baseline,0,0.870762050151825,0.12885233759880066,0.0003855808754451573
39226_left.jpeg,defocus_blur,0,0.6317005157470703,0.36553820967674255,0.0027613257989287376
39226_left.jpeg,low_light,0,0.44750088453292847,0.4100682735443115,0.1424308568239212
39226_left.jpeg,uneven_illumination,0,0.583008348941803,0.3212323486804962,0.09575925022363663
39226_left.jpeg,fov_misalignment,1,0.2840372622013092,0.5559320449829102,0.16003072261810303
39226_left.jpeg,jpeg_q25,0,0.8559755086898804,0.14305531978607178,0.0009692106978036463
15792_right.jpeg,baseline,0,0.9968948364257812,0.003090976271778345,1.4119731531536672e-05
15792_right.jpeg,defocus_blur,0,0.9697341918945312,0.029921695590019226,0.0003441118460614234
15792_right.jpeg,low_light,0,0.9518791437149048,0.047244951128959656,0.0008759187185205519
15792_right.jpeg,uneven_illumination,0,0.9660711288452148,0.033499978482723236,0.00042892247438430786
15792_right.jpeg,fov_misalignment,0,0.9980618357658386,0.001912553096190095,2.557457446528133e-05
15792_right.jpeg,jpeg_q25,0,0.9950876832008362,0.004897684790194035,1.462589807488257e-05
31749_right.jpeg,baseline,0,0.986818790435791,0.012806782498955727,0.00037439356674440205
31749_right.jpeg,defocus_blur,0,0.9827824234962463,0.016717372462153435,0.0005002259276807308
31749_right.jpeg,low_light,0,0.9610969424247742,0.033575620502233505,0.005327428691089153
31749_right.jpeg,uneven_illumination,0,0.9541682004928589,0.04293619468808174,0.0028956474270671606
31749_right.jpeg,fov_misalignment,0,0.9927182197570801,0.007061210460960865,0.00022064652875997126
31749_right.jpeg,jpeg_q25,0,0.9820629358291626,0.017012517899274826,0.000924517575185746
2311_right.jpeg,baseline,0,0.7176088094711304,0.27613338828086853,0.006257775705307722
2311_right.jpeg,defocus_blur,0,0.5983379483222961,0.3974135220050812,0.004248444922268391
2311_right.jpeg,low_light,1,0.32444360852241516,0.5934310555458069,0.08212529122829437
2311_right.jpeg,uneven_illumination,1,0.29642224311828613,0.6238333582878113,0.0797443836927414
2311_right.jpeg,fov_misalignment,0,0.5963729619979858,0.40048035979270935,0.0031466709915548563
2311_right.jpeg,jpeg_q25,0,0.7575166821479797,0.2389494776725769,0.0035338716115802526
30103_right.jpeg,baseline,0,0.9428885579109192,0.041033707559108734,0.016077697277069092
30103_right.jpeg,defocus_blur,0,0.9217326045036316,0.055649008601903915,0.022618431597948074
30103_right.jpeg,low_light,0,0.5132826566696167,0.1531117558479309,0.33360564708709717
30103_right.jpeg,uneven_illumination,0,0.5558820962905884,0.14743520319461823,0.2966826856136322
30103_right.jpeg,fov_misalignment,0,0.8434439301490784,0.12038210779428482,0.0361739844083786
30103_right.jpeg,jpeg_q25,0,0.9711998701095581,0.02123684249818325,0.007563333492726088
32938_right.jpeg,baseline,0,0.8364525437355042,0.16327102482318878,0.0002764277742244303
32938_right.jpeg,defocus_blur,0,0.559457540512085,0.4386398196220398,0.001902614370919764
32938_right.jpeg,low_light,1,0.18215909600257874,0.7489985227584839,0.06884243339300156
32938_right.jpeg,uneven_illumination,1,0.12007182091474533,0.6778267621994019,0.20210134983062744
32938_right.jpeg,fov_misalignment,0,0.7229699492454529,0.2743823528289795,0.0026476469356566668
32938_right.jpeg,jpeg_q25,0,0.7364422082901001,0.2630561888217926,0.0005015787901356816
23380_right.jpeg,baseline,0,0.863254725933075,0.13420714437961578,0.0025381564628332853
23380_right.jpeg,defocus_blur,1,0.20735612511634827,0.5622268319129944,0.23041702806949615
23380_right.jpeg,low_light,0,0.6912166476249695,0.2244938462972641,0.08428955078125
23380_right.jpeg,uneven_illumination,0,0.8127964735031128,0.17402474582195282,0.013178834691643715
23380_right.jpeg,fov_misalignment,0,0.8308976292610168,0.1492551565170288,0.019847212359309196
23380_right.jpeg,jpeg_q25,0,0.8878105878829956,0.11095272749662399,0.001236737472936511
31743_right.jpeg,baseline,0,0.978890061378479,0.021043160930275917,6.678441422991455e-05
31743_right.jpeg,defocus_blur,0,0.9129921197891235,0.08678362518548965,0.00022431592515204102
31743_right.jpeg,low_light,0,0.9086329936981201,0.08915016800165176,0.00221682689152658
31743_right.jpeg,uneven_illumination,0,0.9130434989929199,0.08524986356496811,0.001706645474769175
31743_right.jpeg,fov_misalignment,0,0.7148637175559998,0.28367361426353455,0.0014626721385866404
31743_right.jpeg,jpeg_q25,0,0.9733974933624268,0.026532484218478203,7.013472350081429e-05
43630_right.jpeg,baseline,0,0.9754849672317505,0.02440785989165306,0.00010714187374105677
43630_right.jpeg,defocus_blur,0,0.9140424132347107,0.08441450446844101,0.0015430122148245573
43630_right.jpeg,low_light,0,0.9452120661735535,0.05163419619202614,0.003153738332912326
43630_right.jpeg,uneven_illumination,0,0.9526018500328064,0.04410448670387268,0.0032936581410467625
43630_right.jpeg,fov_misalignment,0,0.9424476623535156,0.0530414804816246,0.004510815721005201
43630_right.jpeg,jpeg_q25,0,0.9806806445121765,0.019259052351117134,6.028789357515052e-05
19463_right.jpeg,baseline,0,0.9651058316230774,0.034549012780189514,0.0003451067314017564
19463_right.jpeg,defocus_blur,0,0.8606395125389099,0.13296528160572052,0.006395171396434307
19463_right.jpeg,low_light,0,0.9051915407180786,0.08564624935388565,0.009162197820842266
19463_right.jpeg,uneven_illumination,0,0.939864456653595,0.05803924426436424,0.0020963281858712435
19463_right.jpeg,fov_misalignment,0,0.971053421497345,0.028406167402863503,0.0005405047559179366
19463_right.jpeg,jpeg_q25,0,0.978654682636261,0.02122495509684086,0.00012042318121530116
41728_right.jpeg,baseline,0,0.9807019829750061,0.019233273342251778,6.480906449723989e-05
41728_right.jpeg,defocus_blur,0,0.7875533699989319,0.2117985039949417,0.0006481737364083529
41728_right.jpeg,low_light,0,0.9698517918586731,0.029382292181253433,0.0007658959366381168
41728_right.jpeg,uneven_illumination,0,0.9371745586395264,0.06225888058543205,0.0005665959906764328
41728_right.jpeg,fov_misalignment,0,0.9175723791122437,0.08161729574203491,0.0008103576838038862
41728_right.jpeg,jpeg_q25,0,0.9907875657081604,0.009187858551740646,2.454331479384564e-05
35564_left.jpeg,baseline,1,0.3484079837799072,0.5740016102790833,0.07759038358926773
35564_left.jpeg,defocus_blur,1,0.12499291449785233,0.5655791163444519,0.30942797660827637
35564_left.jpeg,low_light,2,0.02179371565580368,0.20110103487968445,0.7771052718162537
35564_left.jpeg,uneven_illumination,2,0.08361318707466125,0.29169607162475586,0.6246907711029053
35564_left.jpeg,fov_misalignment,2,0.039622221142053604,0.4681451618671417,0.4922325909137726
35564_left.jpeg,jpeg_q25,1,0.3008202910423279,0.6184054613113403,0.08077424019575119
36197_right.jpeg,baseline,1,0.1086205467581749,0.888994574546814,0.002384926425293088
36197_right.jpeg,defocus_blur,1,0.14474228024482727,0.8458552360534668,0.00940244272351265
36197_right.jpeg,low_light,1,0.13167180120944977,0.8469191789627075,0.021408965811133385
36197_right.jpeg,uneven_illumination,1,0.10746976733207703,0.858795702457428,0.033734552562236786
36197_right.jpeg,fov_misalignment,1,0.16756217181682587,0.8197886347770691,0.012649226002395153
36197_right.jpeg,jpeg_q25,1,0.18361949920654297,0.814857006072998,0.0015235476894304156
22548_right.jpeg,baseline,0,0.9764120578765869,0.023573769256472588,1.4193959032127168e-05
22548_right.jpeg,defocus_blur,0,0.9422550201416016,0.05772339180111885,2.1620273400912993e-05
22548_right.jpeg,low_light,0,0.8616726994514465,0.13599568605422974,0.002331607276573777
22548_right.jpeg,uneven_illumination,0,0.9126681089401245,0.0864163413643837,0.0009155530715361238
22548_right.jpeg,fov_misalignment,0,0.9294511675834656,0.07033296674489975,0.00021587579976767302
22548_right.jpeg,jpeg_q25,0,0.965735137462616,0.03423582389950752,2.897782360378187e-05
1125_right.jpeg,baseline,0,0.7582583427429199,0.23580551147460938,0.005936173722147942
1125_right.jpeg,defocus_blur,1,0.4803433418273926,0.4966121315956116,0.023044561967253685
1125_right.jpeg,low_light,1,0.40298032760620117,0.4488050937652588,0.14821457862854004
1125_right.jpeg,uneven_illumination,0,0.5113100409507751,0.3712023198604584,0.11748763173818588
1125_right.jpeg,fov_misalignment,0,0.852448582649231,0.14108112454414368,0.0064703188836574554
1125_right.jpeg,jpeg_q25,0,0.6230486631393433,0.3605107069015503,0.016440579667687416
17353_left.jpeg,baseline,0,0.8671123385429382,0.1322997808456421,0.0005878536030650139
17353_left.jpeg,defocus_blur,0,0.8042530417442322,0.19478344917297363,0.0009634611196815968
17353_left.jpeg,low_light,0,0.5906000733375549,0.35859715938568115,0.050802793353796005
17353_left.jpeg,uneven_illumination,0,0.48473507165908813,0.4561726748943329,0.05909223482012749
17353_left.jpeg,fov_misalignment,1,0.09814126789569855,0.7496899366378784,0.15216881036758423
17353_left.jpeg,jpeg_q25,0,0.8366830945014954,0.16252145171165466,0.0007954391185194254
12532_right.jpeg,baseline,0,0.9838604927062988,0.016054825857281685,8.471997716696933e-05
12532_right.jpeg,defocus_blur,0,0.9807308912277222,0.01911473460495472,0.0001544284023111686
12532_right.jpeg,low_light,0,0.923160195350647,0.07440369576215744,0.0024361538235098124
12532_right.jpeg,uneven_illumination,0,0.9280242323875427,0.06950464099645615,0.00247117574326694
12532_right.jpeg,fov_misalignment,0,0.9202413558959961,0.07892799377441406,0.0008306328672915697
12532_right.jpeg,jpeg_q25,0,0.9870520830154419,0.012902307324111462,4.566966163110919e-05
11654_left.jpeg,baseline,0,0.9941228032112122,0.0058443183079361916,3.277408904978074e-05
11654_left.jpeg,defocus_blur,0,0.9936389327049255,0.006229571998119354,0.00013143630349077284
11654_left.jpeg,low_light,0,0.9850844740867615,0.012803600169718266,0.0021118794102221727
11654_left.jpeg,uneven_illumination,0,0.981107234954834,0.010622227564454079,0.008270560763776302
11654_left.jpeg,fov_misalignment,0,0.9974693059921265,0.0024337777867913246,9.69254324445501e-05
11654_left.jpeg,jpeg_q25,0,0.9952587485313416,0.004708189982920885,3.315411595394835e-05
18097_right.jpeg,baseline,0,0.9766778349876404,0.022949472069740295,0.00037269527092576027
18097_right.jpeg,defocus_blur,0,0.9440370202064514,0.054969143122434616,0.0009938639122992754
18097_right.jpeg,low_light,0,0.8580459356307983,0.12952527403831482,0.01242882665246725
18097_right.jpeg,uneven_illumination,0,0.9233526587486267,0.06998700648546219,0.00666034547612071
18097_right.jpeg,fov_misalignment,0,0.9739529490470886,0.024170110002160072,0.0018768947338685393
18097_right.jpeg,jpeg_q25,0,0.9341854453086853,0.06415490061044693,0.0016596063505858183
26511_left.jpeg,baseline,0,0.7272899150848389,0.2707047462463379,0.002005293732509017
26511_left.jpeg,defocus_blur,0,0.7440366744995117,0.25516557693481445,0.0007977020577527583
26511_left.jpeg,low_light,0,0.7191650867462158,0.2561216950416565,0.024713169783353806
26511_left.jpeg,uneven_illumination,0,0.6876750588417053,0.2836872935295105,0.028637656942009926
26511_left.jpeg,fov_misalignment,1,0.2976124584674835,0.6702014803886414,0.03218608722090721
26511_left.jpeg,jpeg_q25,0,0.8340820670127869,0.1637517213821411,0.002166219986975193
12768_right.jpeg,baseline,0,0.5455771088600159,0.45363011956214905,0.0007927988190203905
12768_right.jpeg,defocus_blur,1,0.48495957255363464,0.5136032700538635,0.0014371747383847833
12768_right.jpeg,low_light,1,0.3182890713214874,0.6181516647338867,0.06355929374694824
12768_right.jpeg,uneven_illumination,1,0.4023456275463104,0.533077597618103,0.06457675993442535
12768_right.jpeg,fov_misalignment,1,0.2082257717847824,0.7881003618240356,0.003673909232020378
12768_right.jpeg,jpeg_q25,0,0.5314394235610962,0.46715274453163147,0.001407847972586751
27445_right.jpeg,baseline,0,0.9626885652542114,0.034896064549684525,0.0024153944104909897
27445_right.jpeg,defocus_blur,0,0.7790021896362305,0.18998287618160248,0.03101491741836071
27445_right.jpeg,low_light,0,0.8335182666778564,0.1112259104847908,0.055255819112062454
27445_right.jpeg,uneven_illumination,0,0.7992047667503357,0.1415587216615677,0.0592365488409996
27445_right.jpeg,fov_misalignment,0,0.9844496846199036,0.014971576631069183,0.0005786659894511104
27445_right.jpeg,jpeg_q25,0,0.9673510193824768,0.030959907919168472,0.0016889984253793955
29930_right.jpeg,baseline,0,0.9978117346763611,0.002183660166338086,4.638252448785352e-06
29930_right.jpeg,defocus_blur,0,0.9767953157424927,0.023124651983380318,8.005100244190544e-05
29930_right.jpeg,low_light,0,0.9212499260902405,0.07651206851005554,0.0022380694281309843
29930_right.jpeg,uneven_illumination,0,0.9110651612281799,0.07453145831823349,0.014403442852199078
29930_right.jpeg,fov_misalignment,0,0.9057402014732361,0.09245303273200989,0.0018067684723064303
29930_right.jpeg,jpeg_q25,0,0.9964827299118042,0.0035112351179122925,6.115937139838934e-06
1924_left.jpeg,baseline,0,0.9879554510116577,0.011989620514214039,5.497960592037998e-05
1924_left.jpeg,defocus_blur,0,0.9595035910606384,0.040350403636693954,0.0001459838676964864
1924_left.jpeg,low_light,0,0.8479338884353638,0.14929473400115967,0.0027714273892343044
1924_left.jpeg,uneven_illumination,0,0.9496839046478271,0.04882187023758888,0.0014943280257284641
1924_left.jpeg,fov_misalignment,0,0.9146515727043152,0.08450790494680405,0.0008405345142818987
1924_left.jpeg,jpeg_q25,0,0.9820868968963623,0.017834926024079323,7.825384091120213e-05
39328_right.jpeg,baseline,0,0.7625253200531006,0.23652994632720947,0.0009447212796658278
39328_right.jpeg,defocus_blur,1,0.36320632696151733,0.633827805519104,0.0029658873099833727
39328_right.jpeg,low_light,0,0.5481593012809753,0.43089577555656433,0.020944902673363686
39328_right.jpeg,uneven_illumination,0,0.6651681661605835,0.3269393742084503,0.007892444729804993
39328_right.jpeg,fov_misalignment,0,0.6845750212669373,0.30979862809181213,0.005626374389976263
39328_right.jpeg,jpeg_q25,0,0.6644327640533447,0.33292147517204285,0.0026457449421286583
24644_right.jpeg,baseline,0,0.937814474105835,0.06176237389445305,0.0004230968770571053
24644_right.jpeg,defocus_blur,1,0.19785574078559875,0.7727184295654297,0.029425811022520065
24644_right.jpeg,low_light,0,0.5869651436805725,0.3520760238170624,0.060958802700042725
24644_right.jpeg,uneven_illumination,0,0.7615759968757629,0.21465899050235748,0.02376498468220234
24644_right.jpeg,fov_misalignment,0,0.9536970853805542,0.04296092689037323,0.0033419730607420206
24644_right.jpeg,jpeg_q25,0,0.9069422483444214,0.09205801784992218,0.0009996959706768394
23010_left.jpeg,baseline,0,0.9656819701194763,0.03376547247171402,0.0005525771994143724
23010_left.jpeg,defocus_blur,0,0.8913063406944275,0.10611504316329956,0.002578670857474208
23010_left.jpeg,low_light,0,0.8815156817436218,0.1084919348359108,0.009992376901209354
23010_left.jpeg,uneven_illumination,0,0.719069242477417,0.2402900755405426,0.040640633553266525
23010_left.jpeg,fov_misalignment,0,0.9067273736000061,0.09093877673149109,0.0023338617756962776
23010_left.jpeg,jpeg_q25,0,0.9613481760025024,0.03796999529004097,0.0006818161346018314
25525_right.jpeg,baseline,0,0.9591572284698486,0.04064035415649414,0.00020235608099028468
25525_right.jpeg,defocus_blur,0,0.8284159898757935,0.16795721650123596,0.0036268967669457197
25525_right.jpeg,low_light,0,0.7952814698219299,0.1841685026884079,0.020549999549984932
25525_right.jpeg,uneven_illumination,0,0.8910382390022278,0.10298101603984833,0.0059807379730045795
25525_right.jpeg,fov_misalignment,0,0.8528304100036621,0.14408671855926514,0.003082893555983901
25525_right.jpeg,jpeg_q25,0,0.9627419114112854,0.03696408495306969,0.00029403899679891765
24167_left.jpeg,baseline,0,0.9524610042572021,0.04742792993783951,0.00011106792226200923
24167_left.jpeg,defocus_blur,0,0.939876139163971,0.06003303825855255,9.086909994948655e-05
24167_left.jpeg,low_light,0,0.9410219788551331,0.056511443108320236,0.002466619247570634
24167_left.jpeg,uneven_illumination,0,0.8886080980300903,0.1054077297449112,0.005984232295304537
24167_left.jpeg,fov_misalignment,0,0.718537449836731,0.2702505886554718,0.01121202390640974
24167_left.jpeg,jpeg_q25,0,0.9512293338775635,0.04856562241911888,0.00020497682271525264
16916_right.jpeg,baseline,0,0.8943111300468445,0.10425923764705658,0.0014295922592282295
16916_right.jpeg,defocus_blur,0,0.8710552453994751,0.12671321630477905,0.002231459366157651
16916_right.jpeg,low_light,0,0.6391527652740479,0.3301229476928711,0.03072425350546837
16916_right.jpeg,uneven_illumination,0,0.7278888821601868,0.24947741627693176,0.022633766755461693
16916_right.jpeg,fov_misalignment,0,0.721655011177063,0.26695728302001953,0.011387666687369347
16916_right.jpeg,jpeg_q25,0,0.9153575897216797,0.08411248028278351,0.0005298536852933466
40215_right.jpeg,baseline,0,0.9114202260971069,0.08846840262413025,0.00011138214176753536
40215_right.jpeg,defocus_blur,0,0.8422949314117432,0.15749762952327728,0.0002074802468996495
40215_right.jpeg,low_light,0,0.8260220289230347,0.17307579517364502,0.0009021617006510496
40215_right.jpeg,uneven_illumination,0,0.8958744406700134,0.10361888259649277,0.0005066688754595816
40215_right.jpeg,fov_misalignment,0,0.9134719967842102,0.08580192923545837,0.0007260790443979204
40215_right.jpeg,jpeg_q25,0,0.9340201020240784,0.06586406379938126,0.0001158680024673231
13677_right.jpeg,baseline,0,0.9957872033119202,0.004024229943752289,0.00018851285858545452
13677_right.jpeg,defocus_blur,0,0.9672896862030029,0.02874837815761566,0.00396196311339736
13677_right.jpeg,low_light,0,0.961407482624054,0.034947678446769714,0.003644858254119754
13677_right.jpeg,uneven_illumination,0,0.9718897938728333,0.025405095890164375,0.002705206163227558
13677_right.jpeg,fov_misalignment,0,0.9909693598747253,0.008378785103559494,0.0006518978625535965
13677_right.jpeg,jpeg_q25,0,0.9945857524871826,0.005072779022157192,0.00034151083673350513
26626_right.jpeg,baseline,0,0.9782794117927551,0.021558094769716263,0.00016248997417278588
26626_right.jpeg,defocus_blur,0,0.8951554298400879,0.10245023667812347,0.002394377952441573
26626_right.jpeg,low_light,0,0.7527279257774353,0.23369213938713074,0.01357988454401493
26626_right.jpeg,uneven_illumination,0,0.8033686280250549,0.18705657124519348,0.009574800729751587
26626_right.jpeg,fov_misalignment,0,0.9684485197067261,0.03127675876021385,0.0002747452526818961
26626_right.jpeg,jpeg_q25,0,0.9577235579490662,0.04179428145289421,0.00048208533553406596
21674_right.jpeg,baseline,0,0.9893825054168701,0.010591297410428524,2.6229075956507586e-05
21674_right.jpeg,defocus_blur,0,0.9782339930534363,0.021680084988474846,8.596864790888503e-05
21674_right.jpeg,low_light,0,0.9574716091156006,0.041284266859292984,0.0012441559229046106
21674_right.jpeg,uneven_illumination,0,0.9794995784759521,0.020103344693779945,0.0003970156249124557
21674_right.jpeg,fov_misalignment,0,0.8974387645721436,0.09770441055297852,0.0048567852936685085
21674_right.jpeg,jpeg_q25,0,0.9862491488456726,0.01369449496269226,5.641390453092754e-05
15489_right.jpeg,baseline,0,0.9959410429000854,0.004027747083455324,3.1209732696879655e-05
15489_right.jpeg,defocus_blur,0,0.9738967418670654,0.025485550984740257,0.0006177577888593078
15489_right.jpeg,low_light,0,0.9385971426963806,0.05582265928387642,0.005580137018114328
15489_right.jpeg,uneven_illumination,0,0.9684507250785828,0.030455859377980232,0.0010933760786429048
15489_right.jpeg,fov_misalignment,0,0.9757561683654785,0.023897694423794746,0.000346199085470289
15489_right.jpeg,jpeg_q25,0,0.9931123852729797,0.006776927970349789,0.00011072462075389922
7621_left.jpeg,baseline,0,0.8543703556060791,0.14463050663471222,0.0009991653496399522
7621_left.jpeg,defocus_blur,0,0.5988893508911133,0.39786455035209656,0.0032461395021528006
7621_left.jpeg,low_light,0,0.5290795564651489,0.41004711389541626,0.060873303562402725
7621_left.jpeg,uneven_illumination,0,0.5085594654083252,0.40443524718284607,0.08700527995824814
7621_left.jpeg,fov_misalignment,1,0.2915576100349426,0.6009228825569153,0.1075194850564003
7621_left.jpeg,jpeg_q25,0,0.7997123003005981,0.19819507002830505,0.002092549344524741
20761_right.jpeg,baseline,0,0.9356717467308044,0.061675045639276505,0.002653254894539714
20761_right.jpeg,defocus_blur,0,0.6196173429489136,0.3494347333908081,0.030947983264923096
20761_right.jpeg,low_light,0,0.7230217456817627,0.21180109679698944,0.06517721712589264
20761_right.jpeg,uneven_illumination,0,0.6689521670341492,0.25918063521385193,0.07186716049909592
20761_right.jpeg,fov_misalignment,0,0.6929541826248169,0.29990848898887634,0.007137386128306389
20761_right.jpeg,jpeg_q25,0,0.9351411461830139,0.06290815025568008,0.0019507112447172403
35817_left.jpeg,baseline,0,0.9828006029129028,0.017162738367915154,3.6615776480175555e-05
35817_left.jpeg,defocus_blur,0,0.8876569867134094,0.1119067519903183,0.0004362334730103612
35817_left.jpeg,low_light,0,0.8128068447113037,0.18216195702552795,0.005031195003539324
35817_left.jpeg,uneven_illumination,0,0.933445930480957,0.06297440826892853,0.0035795862786471844
35817_left.jpeg,fov_misalignment,0,0.6459276676177979,0.3490028381347656,0.00506960041821003
35817_left.jpeg,jpeg_q25,0,0.9800421595573425,0.01990262046456337,5.520464401342906e-05
7794_right.jpeg,baseline,0,0.9833561182022095,0.016639433801174164,4.405023901199456e-06
7794_right.jpeg,defocus_blur,0,0.9532541632652283,0.0467253141105175,2.0523641069303267e-05
7794_right.jpeg,low_light,0,0.8924577236175537,0.10575735569000244,0.0017849307041615248
7794_right.jpeg,uneven_illumination,0,0.9412301182746887,0.0576428547501564,0.001126915798522532
7794_right.jpeg,fov_misalignment,0,0.950397789478302,0.04950793460011482,9.424226300325245e-05
7794_right.jpeg,jpeg_q25,0,0.986284613609314,0.013708401471376419,6.963166470086435e-06
43630_left.jpeg,baseline,0,0.7985378503799438,0.18600435554981232,0.015457870438694954
43630_left.jpeg,defocus_blur,0,0.39797157049179077,0.359710156917572,0.2423183023929596
43630_left.jpeg,low_light,0,0.6531065702438354,0.24063768982887268,0.10625570267438889
43630_left.jpeg,uneven_illumination,0,0.8364437222480774,0.12999555468559265,0.033560678362846375
43630_left.jpeg,fov_misalignment,0,0.520291805267334,0.25347185134887695,0.22623634338378906
43630_left.jpeg,jpeg_q25,0,0.8285526633262634,0.16173821687698364,0.009709088131785393
31023_right.jpeg,baseline,1,0.36406975984573364,0.6157038807868958,0.020226335152983665
31023_right.jpeg,defocus_blur,1,0.17736627161502838,0.8075998425483704,0.015033965930342674
31023_right.jpeg,low_light,2,0.05569393187761307,0.49630460143089294,0.4480014741420746
31023_right.jpeg,uneven_illumination,2,0.029303230345249176,0.42955929040908813,0.5411374568939209
31023_right.jpeg,fov_misalignment,1,0.4071914255619049,0.5612003803253174,0.03160818666219711
31023_right.jpeg,jpeg_q25,1,0.4577709138393402,0.5278668999671936,0.014362243004143238
17224_right.jpeg,baseline,0,0.9785069227218628,0.021359561011195183,0.00013339305587578565
17224_right.jpeg,defocus_blur,0,0.9443939924240112,0.05492854490876198,0.0006774919456802309
17224_right.jpeg,low_light,0,0.8403040766716003,0.13223400712013245,0.0274618249386549
17224_right.jpeg,uneven_illumination,0,0.8417224287986755,0.1292433738708496,0.029034191742539406
17224_right.jpeg,fov_misalignment,0,0.8720266819000244,0.11497687548398972,0.012996423989534378
17224_right.jpeg,jpeg_q25,0,0.973660409450531,0.025890590623021126,0.0004491143045015633
12459_left.jpeg,baseline,0,0.9797295331954956,0.019387900829315186,0.0008825532277114689
12459_left.jpeg,defocus_blur,0,0.9515356421470642,0.046359993517398834,0.0021043631713837385
12459_left.jpeg,low_light,0,0.8520979881286621,0.10986132174730301,0.03804074600338936
12459_left.jpeg,uneven_illumination,0,0.8059833645820618,0.14196565747261047,0.05205096676945686
12459_left.jpeg,fov_misalignment,0,0.8615116477012634,0.13290195167064667,0.005586376413702965
12459_left.jpeg,jpeg_q25,0,0.9823291897773743,0.016827980056405067,0.000842818059027195
14958_left.jpeg,baseline,1,0.44418105483055115,0.5546927452087402,0.0011261423351243138
14958_left.jpeg,defocus_blur,1,0.4671901762485504,0.5319671630859375,0.00084269093349576
14958_left.jpeg,low_light,1,0.35781344771385193,0.6272719502449036,0.014914687722921371
14958_left.jpeg,uneven_illumination,1,0.14904899895191193,0.8267276883125305,0.024223366752266884
14958_left.jpeg,fov_misalignment,1,0.14157037436962128,0.8338266015052795,0.02460303343832493
14958_left.jpeg,jpeg_q25,1,0.3148195147514343,0.6839147210121155,0.0012657551560550928
18788_right.jpeg,baseline,0,0.9836229681968689,0.013648003339767456,0.0027290305588394403
18788_right.jpeg,defocus_blur,0,0.9583070874214172,0.028034402057528496,0.013658549636602402
18788_right.jpeg,low_light,0,0.9338103532791138,0.029240183532238007,0.03694949671626091
18788_right.jpeg,uneven_illumination,0,0.9309840202331543,0.028384825214743614,0.04063118249177933
18788_right.jpeg,fov_misalignment,0,0.9816650748252869,0.01776370219886303,0.0005711782141588628
18788_right.jpeg,jpeg_q25,0,0.9790452122688293,0.01797635108232498,0.00297842500731349
